#UpdateLogicID,UpdateLogicName,CompanyClassID,AgentClassID,DllFileName,DllFunctionName,Remarks
LP_sales_01,需要予測&注残依存(洗い替え更新),CC002,AC001,,,エージェント起動時点の予測立案時点の需要予測と注残を考慮した販売計画を立案(オリジナル名称)
LP_sales_02,需要予測&注残依存&過去予測流用(差分更新),CC002,AC001,,,エージェント起動時点に最も近い日付の予測立案時点の需要予測と注残を考慮した販売計画を立案(オリジナル名称)
LP_sales_03,需要予測&注残依存(洗い替え更新&時分単位考慮),CC002,AC001,,,エージェント起動時点の予測立案時点の需要予測と注残を考慮した販売計画を立案(時分単位考慮)(オリジナル名称)
Sales_FullyReplaceWithForecast,需要予測&注残依存(洗い替え更新),CC002,AC001,,,エージェント起動時点の予測立案時点の需要予測と注残を考慮した販売計画を立案(LP_sales_01)
Sales_DiffReplaceWithForecast,需要予測&注残依存&過去予測流用(差分更新),CC002,AC001,,,エージェント起動時点に最も近い日付の予測立案時点の需要予測と注残を考慮した販売計画を立案(LP_sales_02)
Sales_FullyReplaceWithForecast(TimeUnit),需要予測&注残依存(洗い替え更新&時分単位考慮),CC002,AC001,,,エージェント起動時点の予測立案時点の需要予測と注残を考慮した販売計画を立案(時分単位考慮)(LP_sales_03)
Sales_DiffReplaceWithForecast(TimeUnit),需要予測&注残依存過去予測流用(差分更新)(時分単位考慮),CC002,AC001,,,エージェント起動時点に最も近い日付の予測立案時点の需要予測と注残を考慮した販売計画を立案(時分単位考慮)
Sales_DiffReplaceWithForecast&DemandPriority,需要予測(過去予測許容)＆注残依存＆優先度考慮,CC002,AC001,,,販社販売計画ロジック:需要予測(過去予測許容)＆注残依存＆優先度考慮
LP_supply_01,調達計画＆注残依存(配分率考慮)(L002),CC003,AC002,,,出庫先の企業ISの調達計画を参照し、供給計画を立案(配分率考慮)(オリジナル名称)
LP_supply_01,調達計画＆注残依存(配分率考慮)(L002),CC004,AC002,,,出庫先の企業ISの調達計画を参照し、供給計画を立案(配分率考慮)(オリジナル名称)
LP_supply_01,調達計画＆注残依存(配分率考慮)(L002),CC009,AC002,,,出庫先の企業ISの調達計画を参照し、供給計画を立案(配分率考慮)(オリジナル名称)
Supply_RefDestinationProcPlan&DemandPriority,納入先調達計画＆注残依存(優先度考慮),CC004,AC002,,,倉庫供給計画ロジック:納入先調達計画&注残依存(優先度考慮)
LP_supply_02,外部ファイル供給予測 /納入先調達計画＆注残依存,CC003,AC002,,,エージェント起動時点の予測立案時点外部ファイル供給予測/納入先調達計画＆注残を考慮した供給計画を立案(オリジナル名称)
LP_supply_02,外部ファイル供給予測 /納入先調達計画＆注残依存,CC004,AC002,,,エージェント起動時点の予測立案時点外部ファイル供給予測/納入先調達計画＆注残を考慮した供給計画を立案(オリジナル名称)
LP_supply_02,外部ファイル供給予測 /納入先調達計画＆注残依存,CC009,AC002,,,エージェント起動時点の予測立案時点外部ファイル供給予測/納入先調達計画＆注残を考慮した供給計画を立案(オリジナル名称)
LP_supply_03,外部ファイル供給予測＆注残依存(過去供給予測許容),CC003,AC002,,,エージェント起動時点に最も近い日付の外部ファイル供給予測と注残を考慮した供給計画を立案(オリジナル名称)
LP_supply_03,外部ファイル供給予測＆注残依存(過去供給予測許容),CC004,AC002,,,エージェント起動時点に最も近い日付の外部ファイル供給予測と注残を考慮した供給計画を立案(オリジナル名称)
LP_supply_03,外部ファイル供給予測＆注残依存(過去供給予測許容),CC009,AC002,,,エージェント起動時点に最も近い日付の外部ファイル供給予測と注残を考慮した供給計画を立案(オリジナル名称)
LP_supply_04,納入先調達計画&注残依存(時分単位考慮)(配分率無考慮),CC003,AC002,,,出庫先の企業ISの調達計画を参照し、供給計画を立案(時分単位考慮)(配分率無考慮)(オリジナル名称)
LP_supply_04,納入先調達計画&注残依存(時分単位考慮)(配分率無考慮),CC004,AC002,,,出庫先の企業ISの調達計画を参照し、供給計画を立案(時分単位考慮)(配分率無考慮)(オリジナル名称)
LP_supply_04,納入先調達計画&注残依存(時分単位考慮)(配分率無考慮),CC009,AC002,,,出庫先の企業ISの調達計画を参照し、供給計画を立案(時分単位考慮)(配分率無考慮)(オリジナル名称)
LP_supply_05,外部ファイル供給予測 /納入先調達計画&注残依存(時分単位考慮),CC003,AC002,,,エージェント起動時点の予測立案時点外部ファイル供給予測/納入先調達計画＆注残を考慮した供給計画を立案(時分単位考慮)(オリジナル名称)
LP_supply_05,外部ファイル供給予測 /納入先調達計画&注残依存(時分単位考慮),CC004,AC002,,,エージェント起動時点の予測立案時点外部ファイル供給予測/納入先調達計画＆注残を考慮した供給計画を立案(時分単位考慮)(オリジナル名称)
LP_supply_06,外部ファイル供給予測＆注残依存(過去供給予測許容)(時分単位考慮),CC003,AC002,,,エージェント起動時点に最も近い日付の外部ファイル供給予測と注残を考慮した供給計画を立案(時分単位考慮)(オリジナル名称)
LP_supply_06,外部ファイル供給予測＆注残依存(過去供給予測許容)(時分単位考慮),CC004,AC002,,,エージェント起動時点に最も近い日付の外部ファイル供給予測と注残を考慮した供給計画を立案(時分単位考慮)(オリジナル名称)
Supply_RefDestinationProcPlan(UsingAllocRate),調達計画＆注残依存(配分率考慮),CC003,AC002,,,出庫先の企業ISの調達計画を参照し、供給計画を立案(配分率考慮)(LP_supply_01)
Supply_RefDestinationProcPlan(UsingAllocRate),調達計画＆注残依存(配分率考慮),CC004,AC002,,,出庫先の企業ISの調達計画を参照し、供給計画を立案(配分率考慮)(LP_supply_01)
Supply_RefDestinationProcPlan(UsingAllocRate),調達計画＆注残依存(配分率考慮),CC009,AC002,,,出庫先の企業ISの調達計画を参照し、供給計画を立案(配分率考慮)(LP_supply_01)
Supply_RefDestinationProcPlan,調達計画＆注残依存(配分率無考慮),CC003,AC002,,,出庫先の企業ISの調達計画を参照し、供給計画を立案(配分率無考慮)
Supply_RefDestinationProcPlan,調達計画＆注残依存(配分率無考慮),CC004,AC002,,,出庫先の企業ISの調達計画を参照し、供給計画を立案(配分率無考慮)
Supply_RefDestinationProcPlan,調達計画＆注残依存(配分率無考慮),CC009,AC002,,,出庫先の企業ISの調達計画を参照し、供給計画を立案(配分率無考慮)
Supply_RefExtSupplyForecast,外部ファイル供給予測 /納入先調達計画＆注残依存,CC003,AC002,,,エージェント起動時点の予測立案時点外部ファイル供給予測/納入先調達計画＆注残を考慮した供給計画を立案(LP_supply_02)
Supply_RefExtSupplyForecast,外部ファイル供給予測 /納入先調達計画＆注残依存,CC004,AC002,,,エージェント起動時点の予測立案時点外部ファイル供給予測/納入先調達計画＆注残を考慮した供給計画を立案(LP_supply_02)
Supply_RefExtSupplyForecast,外部ファイル供給予測 /納入先調達計画＆注残依存,CC009,AC002,,,エージェント起動時点の予測立案時点外部ファイル供給予測/納入先調達計画＆注残を考慮した供給計画を立案(LP_supply_02)
Supply_RefExtSupplyForecast(AllowPastPlan),外部ファイル供給予測＆注残依存(過去供給予測許容),CC003,AC002,,,エージェント起動時点に最も近い日付の外部ファイル供給予測と注残を考慮した供給計画を立案(LP_supply_03)
Supply_RefExtSupplyForecast(AllowPastPlan),外部ファイル供給予測＆注残依存(過去供給予測許容),CC004,AC002,,,エージェント起動時点に最も近い日付の外部ファイル供給予測と注残を考慮した供給計画を立案(LP_supply_03)
Supply_RefExtSupplyForecast(AllowPastPlan),外部ファイル供給予測＆注残依存(過去供給予測許容),CC009,AC002,,,エージェント起動時点に最も近い日付の外部ファイル供給予測と注残を考慮した供給計画を立案(LP_supply_03)
Supply_RefExtSupplyForecast&DemandPriority(AllowPastPlan),外部ファイル供給予測＆注残依存&需要優先度考慮(過去供給予測許容),CC003,AC002,,,エージェント起動時点に最も近い日付の外部ファイル供給予測(需要優先度考慮)と注残を考慮した供給計画を立案
Supply_RefExtSupplyForecast&DemandPriority(AllowPastPlan),外部ファイル供給予測＆注残依存&需要優先度考慮(過去供給予測許容),CC004,AC002,,,エージェント起動時点に最も近い日付の外部ファイル供給予測(需要優先度考慮)と注残を考慮した供給計画を立案
Supply_RefExtSupplyForecast&DemandPriority(AllowPastPlan),外部ファイル供給予測＆注残依存&需要優先度考慮(過去供給予測許容),CC009,AC002,,,エージェント起動時点に最も近い日付の外部ファイル供給予測(需要優先度考慮)と注残を考慮した供給計画を立案
#Supply_RefDestinationProcPlan(TimeUnit&UsingAllocRate),(削除)納入先調達計画&注残依存(時分単位考慮)(配分率考慮),CC003,AC002,,,(削除)出庫先の企業ISの調達計画を参照し、供給計画を立案(時分単位考慮)(配分率考慮)
#Supply_RefDestinationProcPlan(TimeUnit&UsingAllocRate),(削除)納入先調達計画&注残依存(時分単位考慮)(配分率考慮),CC004,AC002,,,(削除)出庫先の企業ISの調達計画を参照し、供給計画を立案(時分単位考慮)(配分率考慮)
#Supply_RefDestinationProcPlan(TimeUnit&UsingAllocRate),(削除)納入先調達計画&注残依存(時分単位考慮)(配分率考慮),CC009,AC002,,,(削除)出庫先の企業ISの調達計画を参照し、供給計画を立案(時分単位考慮)(配分率考慮)
Supply_RefDestinationProcPlan(TimeUnit),納入先調達計画&注残依存(時分単位考慮)(配分率無考慮),CC003,AC002,,,出庫先の企業ISの調達計画を参照し、供給計画を立案(時分単位考慮)(配分率無考慮)(LP_supply_04)
Supply_RefDestinationProcPlan(TimeUnit),納入先調達計画&注残依存(時分単位考慮)(配分率無考慮),CC004,AC002,,,出庫先の企業ISの調達計画を参照し、供給計画を立案(時分単位考慮)(配分率無考慮)(LP_supply_04)
Supply_RefDestinationProcPlan(TimeUnit),納入先調達計画&注残依存(時分単位考慮)(配分率無考慮),CC009,AC002,,,出庫先の企業ISの調達計画を参照し、供給計画を立案(時分単位考慮)(配分率無考慮)(LP_supply_04)
Supply_RefDestinationProcPlan&ExtSupplyForecast(TimeUnit),外部ファイル供給予測 /納入先調達計画&注残依存(時分単位考慮),CC003,AC002,,,エージェント起動時点の予測立案時点外部ファイル供給予測/納入先調達計画＆注残を考慮した供給計画を立案(時分単位考慮)(LP_supply_05)
Supply_RefDestinationProcPlan&ExtSupplyForecast(TimeUnit),外部ファイル供給予測 /納入先調達計画&注残依存(時分単位考慮),CC004,AC002,,,エージェント起動時点の予測立案時点外部ファイル供給予測/納入先調達計画＆注残を考慮した供給計画を立案(時分単位考慮)(LP_supply_05)
Supply_RefDestinationProcPlan&ExtSupplyForecast(TimeUnit&AllowPastPlan),外部ファイル供給予測＆注残依存(過去供給予測許容)(時分単位考慮),CC003,AC002,,,エージェント起動時点に最も近い日付の外部ファイル供給予測と注残を考慮した供給計画を立案(時分単位考慮)(LP_supply_06)
Supply_RefDestinationProcPlan&ExtSupplyForecast(TimeUnit&AllowPastPlan),外部ファイル供給予測＆注残依存(過去供給予測許容)(時分単位考慮),CC004,AC002,,,エージェント起動時点に最も近い日付の外部ファイル供給予測と注残を考慮した供給計画を立案(時分単位考慮)(LP_supply_06)
LI_ship_01,注文&注残依存,CC002,AC003,,,エージェント起動時点に届いている注文に対し、出庫要求日が古い順に出庫指示(オリジナル名称)
LI_ship_01,注文&注残依存,CC003,AC003,,,エージェント起動時点に届いている注文に対し、出庫要求日が古い順に出庫指示(オリジナル名称)
LI_ship_01,注文&注残依存,CC004,AC003,,,エージェント起動時点に届いている注文に対し、出庫要求日が古い順に出庫指示(オリジナル名称)
LI_ship_01,注文&注残依存,CC009,AC003,,,エージェント起動時点に届いている注文に対し、出庫要求日が古い順に出庫指示(オリジナル名称)
LI_ship_02,フェアシェア出庫指示,CC002,AC003,,,エージェント起動時点に届いている注文に対し、各出庫先の注残の割合で在庫を按分し出庫指示(オリジナル名称)
LI_ship_02,フェアシェア出庫指示,CC003,AC003,,,エージェント起動時点に届いている注文に対し、各出庫先の注残の割合で在庫を按分し出庫指示(オリジナル名称)
LI_ship_02,フェアシェア出庫指示,CC004,AC003,,,エージェント起動時点に届いている注文に対し、各出庫先の注残の割合で在庫を按分し出庫指示(オリジナル名称)
LI_ship_02,フェアシェア出庫指示,CC009,AC003,,,エージェント起動時点に届いている注文に対し、各出庫先の注残の割合で在庫を按分し出庫指示(オリジナル名称)
LI_ship_03,出庫指示外部読込み,CC004,AC003,,,出庫指示を外部ファイル参照(オリジナル名称)
LI_ship_04,注文100％出庫指示,CC007,AC003,,,在庫が無限大にある前提で出庫指示(オリジナル名称)
LI_ship_05,出庫指示外部読込み,CC007,AC003,,,出庫指示を外部ファイル参照(オリジナル名称)
LI_ship_06,Box考慮出庫指示,CC002,AC003,,,エージェント起動時点に届いている注文に対し、出庫要求日が古い順に、I、F、S順、およびBox充足率を閾値として出庫指示(オリジナル名称)
LI_ship_06,Box考慮出庫指示,CC003,AC003,,,エージェント起動時点に届いている注文に対し、出庫要求日が古い順に、I、F、S順、およびBox充足率を閾値として出庫指示(オリジナル名称)
LI_ship_06,Box考慮出庫指示,CC004,AC003,,,エージェント起動時点に届いている注文に対し、出庫要求日が古い順に、I、F、S順、およびBox充足率を閾値として出庫指示(オリジナル名称)
LI_ship_06,Box考慮出庫指示,CC007,AC003,,,エージェント起動時点に届いている注文に対し、出庫要求日が古い順に、I、F、S順、およびBox充足率を閾値として出庫指示(オリジナル名称)
LI_ship_07,Box考慮出庫指示外部読込み,CC004,AC003,,,Boxを考慮した出庫指示を外部ファイル参照(オリジナル名称)
LI_ship_07,Box考慮出庫指示外部読込み,CC007,AC003,,,Boxを考慮した出庫指示を外部ファイル参照(オリジナル名称)
LI_ship_08,注文&注残&コンテナ考慮出庫指示,CC002,AC003,,,エージェント起動時点に届いている注文に対し、出庫要求日が古い順に、コンテナ使用コストが最小となるように出庫指示(オリジナル名称)
LI_ship_08,注文&注残&コンテナ考慮出庫指示,CC003,AC003,,,エージェント起動時点に届いている注文に対し、出庫要求日が古い順に、コンテナ使用コストが最小となるように出庫指示(オリジナル名称)
LI_ship_08,注文&注残&コンテナ考慮出庫指示,CC004,AC003,,,エージェント起動時点に届いている注文に対し、出庫要求日が古い順に、コンテナ使用コストが最小となるように出庫指示(オリジナル名称)
LI_ship_09,Box考慮フェアシェア出庫指示,CC002,AC003,,,エージェント起動時点に届いている注文に対し、各出庫先の注残の割合で在庫を按分し出庫先ごとに最もBox充足率の高いBoxを選定し、その中で最大のBox充足率となっているBoxを引き当てるよう出庫指示(オリジナル名称)
LI_ship_09,Box考慮フェアシェア出庫指示,CC003,AC003,,,エージェント起動時点に届いている注文に対し、各出庫先の注残の割合で在庫を按分し出庫先ごとに最もBox充足率の高いBoxを選定し、その中で最大のBox充足率となっているBoxを引き当てるよう出庫指示(オリジナル名称)
LI_ship_09,Box考慮フェアシェア出庫指示,CC004,AC003,,,エージェント起動時点に届いている注文に対し、各出庫先の注残の割合で在庫を按分し出庫先ごとに最もBox充足率の高いBoxを選定し、その中で最大のBox充足率となっているBoxを引き当てるよう出庫指示(オリジナル名称)
LI_ship_10,コンテナ考慮&出庫指示外部読込み,CC004,AC003,,,出庫指示を外部ファイル参照し、コンテナ使用コストが最小となるように出庫指示(オリジナル名称)
LI_ship_11,注文100％出庫指示&コンテナ考慮,CC007,AC003,,,在庫が無限大にある前提で、コンテナ使用コストが最小となるように出庫指示(オリジナル名称)
LI_ship_12,コンテナ考慮&出庫指示外部読込み,CC007,AC003,,,出庫指示を外部ファイル参照し、コンテナ使用コストが最小となるように出庫指示(オリジナル名称)
LI_ship_13,Box&コンテナ考慮出庫指示,CC002,AC003,,,エージェント起動時点に届いている注文に対し、出庫要求日が古い順に、I、F、S順、およびBox充足率を閾値として、コンテナ使用コストが最小となるように出庫指示
LI_ship_13,Box&コンテナ考慮出庫指示,CC003,AC003,,,エージェント起動時点に届いている注文に対し、出庫要求日が古い順に、I、F、S順、およびBox充足率を閾値として、コンテナ使用コストが最小となるように出庫指示
LI_ship_13,Box&コンテナ考慮出庫指示,CC004,AC003,,,エージェント起動時点に届いている注文に対し、出庫要求日が古い順に、I、F、S順、およびBox充足率を閾値として、コンテナ使用コストが最小となるように出庫指示
LI_ship_13,Box&コンテナ考慮出庫指示,CC007,AC003,,,エージェント起動時点に届いている注文に対し、出庫要求日が古い順に、I、F、S順、およびBox充足率を閾値として、コンテナ使用コストが最小となるように出庫指示
LI_ship_14,コンテナ考慮&Box出庫指示外部読込み,CC004,AC003,,,Boxを考慮した出庫指示を外部ファイル参照し、コンテナ使用コストが最小となるように出庫指示(オリジナル名称)
LI_ship_14,コンテナ考慮&Box出庫指示外部読込み,CC007,AC003,,,Boxを考慮した出庫指示を外部ファイル参照し、コンテナ使用コストが最小となるように出庫指示(オリジナル名称)
LI_ship_15,注文&注残&失注考慮出庫指示,CC002,AC003,,,エージェント起動時点に届いている注文に対し、出庫要求日が古い順に出庫指示(ただし、在庫不足の場合は失注)(オリジナル名称)
LI_ship_15,注文&注残&失注考慮出庫指示,CC003,AC003,,,エージェント起動時点に届いている注文に対し、出庫要求日が古い順に出庫指示(ただし、在庫不足の場合は失注)(オリジナル名称)
LI_ship_15,注文&注残&失注考慮出庫指示,CC004,AC003,,,エージェント起動時点に届いている注文に対し、出庫要求日が古い順に出庫指示(ただし、在庫不足の場合は失注)(オリジナル名称)
LI_ship_16,Box&注文&注残&失注考慮出庫指示,CC002,AC003,,,エージェント起動時点に届いている注文に対し、出庫要求日が古い順にBoxを考慮した出庫指示(ただし、在庫不足の場合は失注)(オリジナル名称)
LI_ship_16,Box&注文&注残&失注考慮出庫指示,CC003,AC003,,,エージェント起動時点に届いている注文に対し、出庫要求日が古い順にBoxを考慮した出庫指示(ただし、在庫不足の場合は失注)(オリジナル名称)
LI_ship_16,Box&注文&注残&失注考慮出庫指示,CC004,AC003,,,エージェント起動時点に届いている注文に対し、出庫要求日が古い順にBoxを考慮した出庫指示(ただし、在庫不足の場合は失注)(オリジナル名称)
LI_ship_17,注文＆注残依存(時分単位考慮『から』処理(定時後輸送優先)),CC002,AC003,,,エージェント起動時点に届いている注文に対し、出庫要求日が古い順に出庫指示(時分単位考慮『から』処理(定時後輸送優先))(オリジナル名称)
LI_ship_17,注文＆注残依存(時分単位考慮『から』処理(定時後輸送優先)),CC003,AC003,,,エージェント起動時点に届いている注文に対し、出庫要求日が古い順に出庫指示(時分単位考慮『から』処理(定時後輸送優先))(オリジナル名称)
LI_ship_17,注文＆注残依存(時分単位考慮『から』処理(定時後輸送優先)),CC004,AC003,,,エージェント起動時点に届いている注文に対し、出庫要求日が古い順に出庫指示(時分単位考慮『から』処理(定時後輸送優先))(オリジナル名称)
LI_ship_17,注文＆注残依存(時分単位考慮『から』処理(定時後輸送優先)),CC009,AC003,,,エージェント起動時点に届いている注文に対し、出庫要求日が古い順に出庫指示(時分単位考慮『から』処理(定時後輸送優先))(オリジナル名称)
LI_ship_18,注文100%出庫指示(時分単位考慮),CC007,AC003,,,在庫が無限大にある前提で出庫指示(時分単位考慮)(オリジナル名称)
LI_ship_19,出庫指示外部読込み(時分単位考慮),CC002,AC003,,,出庫指示を外部ファイル参照(時分単位考慮)(オリジナル名称)
LI_ship_19,出庫指示外部読込み(時分単位考慮),CC003,AC003,,,出庫指示を外部ファイル参照(時分単位考慮)(オリジナル名称)
LI_ship_19,出庫指示外部読込み(時分単位考慮),CC004,AC003,,,出庫指示を外部ファイル参照(時分単位考慮)(オリジナル名称)
LI_ship_19,出庫指示外部読込み(時分単位考慮),CC007,AC003,,,出庫指示を外部ファイル参照(時分単位考慮)(オリジナル名称)
LI_ship_19,出庫指示外部読込み(時分単位考慮),CC009,AC003,,,出庫指示を外部ファイル参照(時分単位考慮)(オリジナル名称)
LI_ship_20,注文＆注残依存(時分単位考慮 『まで』処理(定時内輸送優先)),CC002,AC003,,,エージェント起動時点に届いている注文に対し、出庫要求日が古い順に出庫指示(時分単位考慮 『まで』処理(定時内輸送優先))(オリジナル名称)
LI_ship_20,注文＆注残依存(時分単位考慮 『まで』処理(定時内輸送優先)),CC003,AC003,,,エージェント起動時点に届いている注文に対し、出庫要求日が古い順に出庫指示(時分単位考慮 『まで』処理(定時内輸送優先))(オリジナル名称)
LI_ship_20,注文＆注残依存(時分単位考慮 『まで』処理(定時内輸送優先)),CC004,AC003,,,エージェント起動時点に届いている注文に対し、出庫要求日が古い順に出庫指示(時分単位考慮 『まで』処理(定時内輸送優先))(オリジナル名称)
LI_ship_20,注文＆注残依存(時分単位考慮 『まで』処理(定時内輸送優先)),CC009,AC003,,,エージェント起動時点に届いている注文に対し、出庫要求日が古い順に出庫指示(時分単位考慮 『まで』処理(定時内輸送優先))(オリジナル名称)
LO_ExtApp,出庫指示:外部アプリ連携,CC002,AC003,,,外部アプリ結果参照出庫指示発行(オリジナル名称)
LO_ExtApp,出庫指示:外部アプリ連携,CC003,AC003,,,外部アプリ結果参照出庫指示発行(オリジナル名称)
LO_ExtApp,出庫指示:外部アプリ連携,CC004,AC003,,,外部アプリ結果参照出庫指示発行(オリジナル名称)
Ship_RefOrder&BacklogDate,注文&注残依存,CC002,AC003,,,エージェント起動時点に届いている注文に対し、出庫要求日が古い順に出庫指示(LI_ship_01)
Ship_RefOrder&BacklogDate,注文&注残依存,CC003,AC003,,,エージェント起動時点に届いている注文に対し、出庫要求日が古い順に出庫指示(LI_ship_01)
Ship_RefOrder&BacklogDate,注文&注残依存,CC004,AC003,,,エージェント起動時点に届いている注文に対し、出庫要求日が古い順に出庫指示(LI_ship_01)
Ship_RefOrder&BacklogDate,注文&注残依存,CC009,AC003,,,エージェント起動時点に届いている注文に対し、出庫要求日が古い順に出庫指示(LI_ship_01)
Ship_FareShareByOrderQty,フェアシェア出庫指示,CC002,AC003,,,エージェント起動時点に届いている注文に対し、各出庫先の注残の割合で在庫を按分し出庫指示(LI_ship_02)
Ship_FareShareByOrderQty,フェアシェア出庫指示,CC003,AC003,,,エージェント起動時点に届いている注文に対し、各出庫先の注残の割合で在庫を按分し出庫指示(LI_ship_02)
Ship_FareShareByOrderQty,フェアシェア出庫指示,CC004,AC003,,,エージェント起動時点に届いている注文に対し、各出庫先の注残の割合で在庫を按分し出庫指示(LI_ship_02)
Ship_FareShareByOrderQty,フェアシェア出庫指示,CC009,AC003,,,エージェント起動時点に届いている注文に対し、各出庫先の注残の割合で在庫を按分し出庫指示(LI_ship_02)
Ship_RefExtShipInstruction,出庫指示外部読込み,CC004,AC003,,,出庫指示を外部ファイル参照(LI_ship_03)
Ship_RefExtShipInstruction,出庫指示外部読込み,CC009,AC003,,,出庫指示を外部ファイル参照(LI_ship_03)
Ship_Ensure100%ShipmentOnSupplier,注文100％出庫指示,CC007,AC003,,,在庫が無限大にある前提で出庫指示(サプライヤ用)(LI_ship_04)
Ship_RefExtShipInstruction,出庫指示外部読込み,CC007,AC003,,,出庫指示を外部ファイル参照(サプライヤ用)(LI_ship_05)
Ship_RefOrder&Backlog&Box,Box考慮出庫指示,CC002,AC003,,,エージェント起動時点に届いている注文に対し、出庫要求日が古い順に、I、F、S順、およびBox充足率を閾値として出庫指示(LI_ship_06)
Ship_RefOrder&Backlog&Box,Box考慮出庫指示,CC003,AC003,,,エージェント起動時点に届いている注文に対し、出庫要求日が古い順に、I、F、S順、およびBox充足率を閾値として出庫指示(LI_ship_06)
Ship_RefOrder&Backlog&Box,Box考慮出庫指示,CC004,AC003,,,エージェント起動時点に届いている注文に対し、出庫要求日が古い順に、I、F、S順、およびBox充足率を閾値として出庫指示(LI_ship_06)
Ship_RefOrder&Backlog&Box,Box考慮出庫指示,CC007,AC003,,,エージェント起動時点に届いている注文に対し、出庫要求日が古い順に、I、F、S順、およびBox充足率を閾値として出庫指示(LI_ship_06)
Ship_RefExtShipInstruction&Box,Box考慮出庫指示外部読込み,CC004,AC003,,,Boxを考慮した出庫指示を外部ファイル参照(LI_ship_07)
Ship_RefExtShipInstruction&Box,Box考慮出庫指示外部読込み,CC007,AC003,,,Boxを考慮した出庫指示を外部ファイル参照(LI_ship_07)
Ship_RefOrder&Backlog&Container,注文&注残&コンテナ考慮出庫指示,CC002,AC003,,,エージェント起動時点に届いている注文に対し、出庫要求日が古い順に、コンテナ使用コストが最小となるように出庫指示(LI_ship_08)
Ship_RefOrder&Backlog&Container,注文&注残&コンテナ考慮出庫指示,CC003,AC003,,,エージェント起動時点に届いている注文に対し、出庫要求日が古い順に、コンテナ使用コストが最小となるように出庫指示(LI_ship_08)
Ship_RefOrder&Backlog&Container,注文&注残&コンテナ考慮出庫指示,CC004,AC003,,,エージェント起動時点に届いている注文に対し、出庫要求日が古い順に、コンテナ使用コストが最小となるように出庫指示(LI_ship_08)
Ship_RefOrder&Backlog&Container,注文&注残&コンテナ考慮出庫指示,CC009,AC003,,,エージェント起動時点に届いている注文に対し、出庫要求日が古い順に、コンテナ使用コストが最小となるように出庫指示(LI_ship_08)
Ship_FareShare&Box,Box考慮フェアシェア出庫指示,CC002,AC003,,,エージェント起動時点に届いている注文に対し、各出庫先の注残の割合で在庫を按分し出庫先ごとに最もBox充足率の高いBoxを選定し、その中で最大のBox充足率となっているBoxを引き当てるよう出庫指示(LI_ship_09)
Ship_FareShare&Box,Box考慮フェアシェア出庫指示,CC003,AC003,,,エージェント起動時点に届いている注文に対し、各出庫先の注残の割合で在庫を按分し出庫先ごとに最もBox充足率の高いBoxを選定し、その中で最大のBox充足率となっているBoxを引き当てるよう出庫指示(LI_ship_09)
Ship_FareShare&Box,Box考慮フェアシェア出庫指示,CC004,AC003,,,エージェント起動時点に届いている注文に対し、各出庫先の注残の割合で在庫を按分し出庫先ごとに最もBox充足率の高いBoxを選定し、その中で最大のBox充足率となっているBoxを引き当てるよう出庫指示(LI_ship_09)
Ship_RefExtShipInstruction&Container,コンテナ考慮&出庫指示外部読込み,CC004,AC003,,,出庫指示を外部ファイル参照し、コンテナ使用コストが最小となるように出庫指示(LI_ship_10)
Ship_Ensure100%ShipmentOnSupplier&Container,注文100％出庫指示&コンテナ考慮,CC007,AC003,,,在庫が無限大にある前提で、コンテナ使用コストが最小となるように出庫指示(サプライヤ用)(LI_ship_11)
Ship_RefExtShipInstruction&Container,コンテナ考慮&出庫指示外部読込み,CC007,AC003,,,出庫指示を外部ファイル参照し、コンテナ使用コストが最小となるように出庫指示(サプライヤ用)(LI_ship_12)
Ship_RefOrder&BacklogDate&Box&Container,Box&コンテナ考慮出庫指示,CC002,AC003,,,エージェント起動時点に届いている注文に対し、出庫要求日が古い順に、I、F、S順、およびBox充足率を閾値として、コンテナ使用コストが最小となるように出庫指示(LI_ship_13)
Ship_RefOrder&BacklogDate&Box&Container,Box&コンテナ考慮出庫指示,CC003,AC003,,,エージェント起動時点に届いている注文に対し、出庫要求日が古い順に、I、F、S順、およびBox充足率を閾値として、コンテナ使用コストが最小となるように出庫指示(LI_ship_13)
Ship_RefOrder&BacklogDate&Box&Container,Box&コンテナ考慮出庫指示,CC004,AC003,,,エージェント起動時点に届いている注文に対し、出庫要求日が古い順に、I、F、S順、およびBox充足率を閾値として、コンテナ使用コストが最小となるように出庫指示(LI_ship_13)
Ship_RefOrder&BacklogDate&Box&Container,Box&コンテナ考慮出庫指示,CC007,AC003,,,エージェント起動時点に届いている注文に対し、出庫要求日が古い順に、I、F、S順、およびBox充足率を閾値として、コンテナ使用コストが最小となるように出庫指示(LI_ship_13)
Ship_RefExtShipInstruction&Box&Container,コンテナ考慮&Box出庫指示外部読込み,CC004,AC003,,,Boxを考慮した出庫指示を外部ファイル参照し、コンテナ使用コストが最小となるように出庫指示(LI_ship_14)
Ship_RefExtShipInstruction&Box&Container,コンテナ考慮&Box出庫指示外部読込み,CC007,AC003,,,Boxを考慮した出庫指示を外部ファイル参照し、コンテナ使用コストが最小となるように出庫指示(LI_ship_14)
Ship_RefOnlyCurrentDateOrder,注文&注残&失注考慮出庫指示,CC002,AC003,,,エージェント起動時点に届いている注文に対し、出庫要求日が古い順に出庫指示(ただし、在庫不足の場合は失注)(LI_ship_15)
Ship_RefOnlyCurrentDateOrder,注文&注残&失注考慮出庫指示,CC003,AC003,,,エージェント起動時点に届いている注文に対し、出庫要求日が古い順に出庫指示(ただし、在庫不足の場合は失注)(LI_ship_15)
Ship_RefOnlyCurrentDateOrder,注文&注残&失注考慮出庫指示,CC004,AC003,,,エージェント起動時点に届いている注文に対し、出庫要求日が古い順に出庫指示(ただし、在庫不足の場合は失注)(LI_ship_15)
Ship_RefOnlyCurrentDateOrder&Box,Box&注文&注残&失注考慮出庫指示,CC002,AC003,,,エージェント起動時点に届いている注文に対し、出庫要求日が古い順にBoxを考慮した出庫指示(ただし、在庫不足の場合は失注)(LI_ship_16)
Ship_RefOnlyCurrentDateOrder&Box,Box&注文&注残&失注考慮出庫指示,CC003,AC003,,,エージェント起動時点に届いている注文に対し、出庫要求日が古い順にBoxを考慮した出庫指示(ただし、在庫不足の場合は失注)(LI_ship_16)
Ship_RefOnlyCurrentDateOrder&Box,Box&注文&注残&失注考慮出庫指示,CC004,AC003,,,エージェント起動時点に届いている注文に対し、出庫要求日が古い順にBoxを考慮した出庫指示(ただし、在庫不足の場合は失注)(LI_ship_16)
Ship_RefOrder&Backlog&DemandPriority,注文＆注残＆優先度考慮,CC002,AC003,,,販社出庫指示ロジック:注文＆注残＆優先度考慮
Ship_RefOrder&Backlog&DemandPriority,注文＆注残＆優先度考慮,CC004,AC003,,,倉庫出庫指示ロジック:注文＆注残＆優先度考慮
Ship_Ensure100%ShipmentOnSupplier&DemandPriority,注文100%出庫指示(優先度付与),CC007,AC003,,,サプライヤ出庫指示ロジック:注文100%出庫指示(優先度付与)
Ship_RefOrder&BacklogDate(TimeUnit),注文＆注残依存(時分単位考慮『から』処理(定時後輸送優先)),CC002,AC003,,,エージェント起動時点に届いている注文に対し、出庫要求日が古い順に出庫指示(時分単位考慮『から』処理(定時後輸送優先))(LI_ship_17)
Ship_RefOrder&BacklogDate(TimeUnit),注文＆注残依存(時分単位考慮『から』処理(定時後輸送優先)),CC003,AC003,,,エージェント起動時点に届いている注文に対し、出庫要求日が古い順に出庫指示(時分単位考慮『から』処理(定時後輸送優先))(LI_ship_17)
Ship_RefOrder&BacklogDate(TimeUnit),注文＆注残依存(時分単位考慮『から』処理(定時後輸送優先)),CC004,AC003,,,エージェント起動時点に届いている注文に対し、出庫要求日が古い順に出庫指示(時分単位考慮『から』処理(定時後輸送優先))(LI_ship_17)
Ship_RefOrder&BacklogDate(TimeUnit),注文＆注残依存(時分単位考慮『から』処理(定時後輸送優先)),CC009,AC003,,,エージェント起動時点に届いている注文に対し、出庫要求日が古い順に出庫指示(時分単位考慮『から』処理(定時後輸送優先))(LI_ship_17)
Ship_Ensure100%ShipmentOnSupplier(TimeUnit),注文100%出庫指示(時分単位考慮),CC007,AC003,,,在庫が無限大にある前提で出庫指示(時分単位考慮)(LI_ship_18)
Ship_RefExtShipInstruction(TimeUnit),出庫指示外部読込み(時分単位考慮),CC002,AC003,,,出庫指示を外部ファイル参照(時分単位考慮)(LI_ship_19)
Ship_RefExtShipInstruction(TimeUnit),出庫指示外部読込み(時分単位考慮),CC003,AC003,,,出庫指示を外部ファイル参照(時分単位考慮)(LI_ship_19)
Ship_RefExtShipInstruction(TimeUnit),出庫指示外部読込み(時分単位考慮),CC004,AC003,,,出庫指示を外部ファイル参照(時分単位考慮)(LI_ship_19)
Ship_RefExtShipInstruction(TimeUnit),出庫指示外部読込み(時分単位考慮),CC007,AC003,,,出庫指示を外部ファイル参照(時分単位考慮)(LI_ship_19)
Ship_RefExtShipInstruction(TimeUnit),出庫指示外部読込み(時分単位考慮),CC009,AC003,,,出庫指示を外部ファイル参照(時分単位考慮)(LI_ship_19)
Ship_RefOrder&BacklogDate(TimeUnit&BizTime),注文＆注残依存(時分単位考慮 『まで』処理(定時内輸送優先)),CC002,AC003,,,エージェント起動時点に届いている注文に対し、出庫要求日が古い順に出庫指示(時分単位考慮 『まで』処理(定時内輸送優先))(LI_ship_20)
Ship_RefOrder&BacklogDate(TimeUnit&BizTime),注文＆注残依存(時分単位考慮 『まで』処理(定時内輸送優先)),CC003,AC003,,,エージェント起動時点に届いている注文に対し、出庫要求日が古い順に出庫指示(時分単位考慮 『まで』処理(定時内輸送優先))(LI_ship_20)
Ship_RefOrder&BacklogDate(TimeUnit&BizTime),注文＆注残依存(時分単位考慮 『まで』処理(定時内輸送優先)),CC004,AC003,,,エージェント起動時点に届いている注文に対し、出庫要求日が古い順に出庫指示(時分単位考慮 『まで』処理(定時内輸送優先))(LI_ship_20)
Ship_RefOrder&BacklogDate(TimeUnit&BizTime),注文＆注残依存(時分単位考慮 『まで』処理(定時内輸送優先)),CC009,AC003,,,エージェント起動時点に届いている注文に対し、出庫要求日が古い順に出庫指示(時分単位考慮 『まで』処理(定時内輸送優先))(LI_ship_20)
Ship_UtilizeExtApp,出庫指示:外部アプリ連携,CC002,AC003,,,外部アプリ結果参照出庫指示発行(LO_ExtApp)
Ship_UtilizeExtApp,出庫指示:外部アプリ連携,CC003,AC003,,,外部アプリ結果参照出庫指示発行(LO_ExtApp)
Ship_UtilizeExtApp,出庫指示:外部アプリ連携,CC004,AC003,,,外部アプリ結果参照出庫指示発行(LO_ExtApp)
ShipInstructionWithOptimizedResult,最適化済み移送指示実行,CC002,AC003,,,出庫指示ロジック:最適化済み移送指示実行(販社)
ShipInstructionWithOptimizedResult,最適化済み移送指示実行,CC003,AC003,,,出庫指示ロジック:最適化済み移送指示実行(工場)
ShipInstructionWithOptimizedResult,最適化済み移送指示実行,CC004,AC003,,,出庫指示ロジック:最適化済み移送指示実行(倉庫)
ShipInstructionWithOptimizedResult,最適化済み移送指示実行,CC009,AC003,,,出庫指示ロジック:最適化済み移送指示実行(検査工場)
LP_prod_01,品目生産上限考慮(後ろ倒し),CC003,AC004,,,品目生産上限を考慮した生産計画を立案(上限超過時は後ろ倒し)(オリジナル名称)
LP_prod_02,品目生産上限考慮(前後倒し),CC003,AC004,,,品目生産上限を考慮した生産計画を立案(上限超過時は前後倒し)(オリジナル名称)
LP_prod_03,工場生産上限考慮(後ろ倒し),CC003,AC004,,,工場生産上限を考慮した生産計画を立案(上限超過時は後ろ倒し)(オリジナル名称)
LP_prod_04,工場生産上限考慮(前後倒し),CC003,AC004,,,工場生産上限を考慮した生産計画を立案(上限超過時は前後倒し)(オリジナル名称)
LP_prod_05,工場&品目&設備上限考慮(前後倒し),CC003,AC004,,,工場/設備/品目生産上限を同時に考慮した生産計画を立案(各上限超過時は前後倒し)(オリジナル名称)
LP_prod_06,供給計画依存(制約考慮無し&時分単位考慮),CC003,AC004,,,生産上限を考慮しない生産計画を立案(時分単位考慮)(オリジナル名称)
LP_prod_07,納期優先 工場&品目&設備上限考慮(前後倒し),CC003,AC004,,,納期優先、工場/品目カテゴリ/品目生産上限を同時に考慮した生産計画を立案(各上限超過時は前後倒し)(オリジナル名称)
LO_ExtApp,生産計画:外部アプリ連携,CC003,AC004,,,外部アプリ結果参照生産計画作成(オリジナル名称)
Prod_FWLevelingWithItemLimit,品目生産上限考慮(後ろ倒し),CC003,AC004,,,品目生産上限を考慮した生産計画を立案(上限超過時は後ろ倒し)(LP_prod_01)
Prod_LevelingWithItemLimit,品目生産上限考慮(前後倒し),CC003,AC004,,,品目生産上限を考慮した生産計画を立案(上限超過時は前後倒し)(LP_prod_02)
Prod_FWLevelingWithFctLimit,工場生産上限考慮(後ろ倒し),CC003,AC004,,,工場生産上限を考慮した生産計画を立案(上限超過時は後ろ倒し)(LP_prod_03)
Prod_LevelingWithFctLimit,工場生産上限考慮(前後倒し),CC003,AC004,,,工場生産上限を考慮した生産計画を立案(上限超過時は前後倒し)(LP_prod_04)
Prod_LevelingWithCategory&FctLimit,工場&品目&設備上限考慮(前後倒し),CC003,AC004,,,工場/設備/品目生産上限を同時に考慮した生産計画を立案(各上限超過時は前後倒し)(LP_prod_05)
Prod_TimeUnitW/OLimit,供給計画依存(制約考慮無し&時分単位考慮),CC003,AC004,,,生産上限を考慮しない生産計画を立案(時分単位考慮)(LP_prod_06)
Prod_BalancingWithDeliverDate&ItemCategory&Constraints,納期優先 工場&品目&設備上限考慮(前後倒し),CC003,AC004,,,納期優先、工場/品目カテゴリ/品目生産上限を同時に考慮した生産計画を立案(各上限超過時は前後倒し)(LP_prod_07)
Prod_LevelingWithDeliverDate&ProdLine,生産計画ロジック:納期優先&生産ライン振舞,CC003,AC004,,,生産計画ロジック:納期優先&生産ライン振舞
Prod_UtilizeExtApp,生産計画:外部アプリ連携,CC003,AC004,,,外部アプリ結果参照生産計画作成(LO_ExtApp)
LI_prod_01,生産計画依存(工場上限/生産品目上限無考慮),CC003,AC005,,,生産計画に従い、生産指示(工場生産上限/生産品目上限を考慮しない)(オリジナル名称)
LI_prod_02,生産計画依存(L007)(既存型),CC003,AC005,,,生産計画に従い、生産指示(工場生産上限/生産品目上限を考慮)(オリジナル名称)
LI_prod_03,生産計画依存(時分単位考慮),CC003,AC005,,,生産計画に従い、生産指示(工場生産上限/生産品目上限を考慮しない)(時分単位考慮)(オリジナル名称)
ProdInstruction_RefProdPlan&FctLimit,生産計画依存(工場上限/生産品目上限無考慮),CC003,AC005,,,生産計画に従い、生産指示(工場生産上限/生産品目上限を考慮しない)(LI_prod_01)
ProdInstruction_RefProdPlan,生産計画依存(L007)(既存型),CC003,AC005,,,生産計画に従い、生産指示(工場生産上限/生産品目上限を考慮)(LI_prod_02)
ProdInstruction_RefProdPlan(TimeUnit),生産計画依存(時分単位考慮),CC003,AC005,,,生産計画に従い、生産指示(工場生産上限/生産品目上限を考慮しない)(時分単位考慮)(LI_prod_03)
LP_proc_01,販売計画&安全在庫依存,CC002,AC006,,,販売計画および安全在庫を考慮した調達計画を立案(安全在庫は緊急輸送含む輸送手段で調達)(オリジナル名称)
LP_proc_02,生産計画&部品安全在庫依存,CC003,AC006,,,生産計画および安全在庫を考慮した調達計画を立案(安全在庫は緊急輸送含む輸送手段で調達)(オリジナル名称)
LP_proc_03,供給計画&安全在庫依存,CC004,AC006,,,供給計画および安全在庫を考慮した調達計画を立案(安全在庫は緊急輸送含む輸送手段で調達)(オリジナル名称)
LP_proc_04,販売計画&安全在庫依存(時系列考慮),CC002,AC006,,,販売計画および時系列安全在庫を考慮した調達計画を立案(オリジナル名称)
LP_proc_05,生産計画&安全在庫依存(時系列考慮),CC003,AC006,,,販売計画および時系列安全在庫を考慮した調達計画を立案(オリジナル名称)
LP_proc_06,供給計画&安全在庫依存(時系列考慮),CC004,AC006,,,販売計画および時系列安全在庫を考慮した調達計画を立案(オリジナル名称)
LP_proc_07,販売計画依存(時系列&調達先&制約考慮),CC002,AC006,,,販売計画、時系列安全在庫、調達先における制約項目を考慮した調達計画を立案(オリジナル名称)
LP_proc_08,生産計画依存(時系列&調達先&制約考慮),CC003,AC006,,,生産計画、時系列安全在庫、調達先における制約項目を考慮した調達計画を立案(オリジナル名称)
LP_proc_09,供給計画依存(時系列&調達先&制約考慮),CC004,AC006,,,供給計画、時系列安全在庫、調達先における制約項目を考慮した調達計画を立案(オリジナル名称)
LP_proc_10,販売計画依存(時系列&配分率&制約考慮),CC002,AC006,,,販売計画、時系列安全在庫、配分率を考慮した調達計画を立案(オリジナル名称)
LP_proc_11,生産計画依存(時系列&配分率&制約考慮),CC003,AC006,,,生産計画、時系列安全在庫、配分率を考慮した調達計画を立案(オリジナル名称)
LP_proc_12,供給計画依存(時系列&配分率&制約考慮),CC004,AC006,,,供給計画、時系列安全在庫、配分率を考慮した調達計画を立案(オリジナル名称)
LP_proc_13,販売計画依存(時系列&配分率&品目カテゴリ制約考慮),CC002,AC006,,,販売計画、時系列安全在庫、配分率、品目カテゴリ制約を考慮した調達計画を立案(オリジナル名称)
LP_proc_14,生産計画依存(時系列&配分率&品目カテゴリ制約考慮),CC003,AC006,,,生産計画、時系列安全在庫、配分率、品目カテゴリ制約を考慮した調達計画を立案(オリジナル名称)
LP_proc_15,供給計画依存(時系列&配分率&品目カテゴリ制約考慮),CC004,AC006,,,供給計画、時系列安全在庫、配分率、品目カテゴリ制約を考慮した調達計画を立案(オリジナル名称)
LP_proc_16,販売計画依存(安全在庫は通常輸送手段で調達),CC002,AC006,,,販売計画および安全在庫を考慮した調達計画を立案(安全在庫は通常輸送手段で調達)(オリジナル名称)
LP_proc_17,生産計画依存(安全在庫は通常輸送手段で調達),CC003,AC006,,,生産計画および安全在庫を考慮した調達計画を立案(安全在庫は通常輸送手段で調達)(オリジナル名称)
LP_proc_18,供給計画依存(安全在庫は通常輸送手段で調達),CC004,AC006,,,供給計画および安全在庫を考慮した調達計画を立案(安全在庫は通常輸送手段で調達)(オリジナル名称)
LP_proc_19,失注考慮調達計画(販売計画依存),CC002,AC006,,,販売計画および安全在庫、失注を考慮した調達計画を立案(オリジナル名称)
LP_proc_19,失注考慮調達計画(生産計画依存),CC003,AC006,,,生産計画および安全在庫、失注を考慮した調達計画を立案(オリジナル名称)
LP_proc_19,失注考慮調達計画(供給計画依存),CC004,AC006,,,供給計画および安全在庫、失注を考慮した調達計画を立案(オリジナル名称)
LP_proc_20,失注考慮調達計画(販売計画&安全在庫依存(時系列考慮)),CC002,AC006,,,販売計画および時系列安全在庫、失注を考慮した調達計画を立案(オリジナル名称)
LP_proc_20,失注考慮調達計画(生産計画&安全在庫依存(時系列考慮)),CC003,AC006,,,販売計画および時系列安全在庫、失注を考慮した調達計画を立案(オリジナル名称)
LP_proc_20,失注考慮調達計画(供給計画&安全在庫依存(時系列考慮)),CC004,AC006,,,販売計画および時系列安全在庫、失注を考慮した調達計画を立案(オリジナル名称)
LP_proc_21,販売計画&安全在庫依存(時系列&配分率&時分単位考慮『まで』処理(定時内輸送優先)),CC002,AC006,,,販売計画、時系列安全在庫、配分率を考慮した調達計画を立案(時分単位考慮『まで』処理(定時内輸送優先))(オリジナル名称)
LP_proc_21,供給計画&安全在庫依存(時系列&配分率&時分単位考慮『まで』処理(定時内輸送優先)),CC003,AC006,,,供給計画、時系列安全在庫、配分率を考慮した調達計画を立案(時分単位考慮『まで』処理(定時内輸送優先))(オリジナル名称)
LP_proc_21,生産計画&安全在庫依存(時系列&配分率&時分単位考慮『まで』処理(定時内輸送優先)),CC004,AC006,,,生産計画、時系列安全在庫、配分率を考慮した調達計画を立案(時分単位考慮『まで』処理(定時内輸送優先))(オリジナル名称)
LP_proc_21,加工/検査計画&安全在庫依存(時系列&配分率&時分単位考慮『まで』処理(定時内輸送優先)),CC009,AC006,,,加工/検査計画、時系列安全在庫、配分率を考慮した調達計画を立案(時分単位考慮『まで』処理(定時内輸送優先))(オリジナル名称)
LP_proc_22,販売計画&安全在庫依存(時系列&配分率&時分単位考慮『から』処理(定時後輸送優先)),CC002,AC006,,,販売計画、時系列安全在庫、配分率を考慮した調達計画を立案(時分単位考慮『から』処理(定時後輸送優先))
LP_proc_22,供給計画&安全在庫依存(時系列&配分率&時分単位考慮『から』処理(定時後輸送優先)),CC003,AC006,,,供給計画、時系列安全在庫、配分率を考慮した調達計画を立案(時分単位考慮『から』処理(定時後輸送優先))
LP_proc_22,生産計画&安全在庫依存(時系列&配分率&時分単位考慮『から』処理(定時後輸送優先)),CC004,AC006,,,生産計画、時系列安全在庫、配分率を考慮した調達計画を立案(時分単位考慮『から』処理(定時後輸送優先))
LP_proc_22,加工/検査計画&安全在庫依存(時系列&配分率&時分単位考慮『から』処理(定時後輸送優先)),CC009,AC006,,,加工/検査計画、時系列安全在庫、配分率を考慮した調達計画を立案(時分単位考慮)
LO_ExtApp,調達計画:外部アプリ連携,CC002,AC006,,,外部アプリ結果参照調達計画作成(オリジナル名称)
LO_ExtApp,調達計画:外部アプリ連携,CC003,AC006,,,外部アプリ結果参照調達計画作成(オリジナル名称)
LO_ExtApp,調達計画:外部アプリ連携,CC004,AC006,,,外部アプリ結果参照調達計画作成(オリジナル名称)
LO_ExtApp,調達計画:外部アプリ連携,CC009,AC006,,,外部アプリ結果参照調達計画作成(オリジナル名称)
Procure_RefSalesPlan&SafetyStock,販売計画&安全在庫依存,CC002,AC006,,,販売計画および安全在庫を考慮した調達計画を立案(安全在庫は緊急輸送含む輸送手段で調達)(LP_proc_01)
Procure_RefProdPlan&SafetyStock,生産計画&部品安全在庫依存,CC003,AC006,,,生産計画および安全在庫を考慮した調達計画を立案(安全在庫は緊急輸送含む輸送手段で調達)(LP_proc_02)
Procure_RefSupplyPlan&SafetyStock,供給計画&安全在庫依存,CC004,AC006,,,供給計画および安全在庫を考慮した調達計画を立案(安全在庫は緊急輸送含む輸送手段で調達)(LP_proc_03)
Procure_RefSalesPlan&SafetyStock(Series),販売計画&安全在庫依存(時系列考慮),CC002,AC006,,,販売計画および時系列安全在庫を考慮した調達計画を立案(LP_proc_04)
Procure_RefProdPlan&SafetyStock(Series),生産計画&安全在庫依存(時系列考慮),CC003,AC006,,,販売計画および時系列安全在庫を考慮した調達計画を立案(LP_proc_05)
Procure_RefSupplyPlan&SafetyStock(Series),供給計画&安全在庫依存(時系列考慮),CC004,AC006,,,販売計画および時系列安全在庫を考慮した調達計画を立案(LP_proc_06)
Procure_RefSalesPlan&SafetyStock(Series)&Constraints,販売計画依存(時系列&調達先&制約考慮),CC002,AC006,,,販売計画、時系列安全在庫、調達先における制約項目を考慮した調達計画を立案(LP_proc_07)
Procure_RefProdPlan&SafetyStock(Series)&Constraints,生産計画依存(時系列&調達先&制約考慮),CC003,AC006,,,生産計画、時系列安全在庫、調達先における制約項目を考慮した調達計画を立案(LP_proc_08)
Procure_RefSupplyPlan&SafetyStock(Series)&Constraints,供給計画依存(時系列&調達先&制約考慮),CC004,AC006,,,供給計画、時系列安全在庫、調達先における制約項目を考慮した調達計画を立案(LP_proc_09)
Procure_RefSalesPlan&SafetyStock(Series)&ConstraintsWithAllocRate,販売計画依存(時系列&配分率&制約考慮),CC002,AC006,,,販売計画、時系列安全在庫、配分率を考慮した調達計画を立案(LP_proc_10)
Procure_RefProdPlan&SafetyStock(Series)&ConstraintsWithAllocRate,生産計画依存(時系列&配分率&制約考慮),CC003,AC006,,,生産計画、時系列安全在庫、配分率を考慮した調達計画を立案(LP_proc_11)
Procure_RefSupplyPlan&SafetyStock(Series)&ConstraintsWithAllocRate,供給計画依存(時系列&配分率&制約考慮),CC004,AC006,,,供給計画、時系列安全在庫、配分率を考慮した調達計画を立案(LP_proc_12)
Procure_RefInspectionPlan&AllocRate,検査計画依存(時系列&配分率&制約考慮),CC009,AC006,,,検査計画、時系列安全在庫、配分率を考慮した調達計画を立案
Procure_RefSalesPlan&SafetyStock(Series)&ItemCatConstraints&AllocRate,販売計画依存(時系列&配分率&品目カテゴリ制約考慮),CC002,AC006,,,販売計画、時系列安全在庫、配分率、品目カテゴリ制約を考慮した調達計画を立案(LP_proc_13)
Procure_RefProdPlan&SafetyStock(Series)&ItemCatConstraints&AllocRate,生産計画依存(時系列&配分率&品目カテゴリ制約考慮),CC003,AC006,,,生産計画、時系列安全在庫、配分率、品目カテゴリ制約を考慮した調達計画を立案(LP_proc_14)
Procure_RefSupplyPlan&SafetyStock(Series)&ItemCatConstraints&AllocRate,供給計画依存(時系列&配分率&品目カテゴリ制約考慮),CC004,AC006,,,供給計画、時系列安全在庫、配分率、品目カテゴリ制約を考慮した調達計画を立案(LP_proc_15)
Procure_RefSalesPlan(SafetyStockWithLowPriority),販売計画依存(安全在庫は通常輸送手段で調達),CC002,AC006,,,販売計画および安全在庫を考慮した調達計画を立案(安全在庫は通常輸送手段で調達)(LP_proc_16)
Procure_RefProdPlan(SafetyStockWithLowPriority),生産計画依存(安全在庫は通常輸送手段で調達),CC003,AC006,,,生産計画および安全在庫を考慮した調達計画を立案(安全在庫は通常輸送手段で調達)(LP_proc_17)
Procure_RefSupplyPlan(SafetyStockWithLowPriority),供給計画依存(安全在庫は通常輸送手段で調達),CC004,AC006,,,供給計画および安全在庫を考慮した調達計画を立案(安全在庫は通常輸送手段で調達)(LP_proc_18)
Procure_RefSalesPlan&SafetyStockW/OBacklog,失注考慮調達計画(販売計画依存),CC002,AC006,,,販売計画および安全在庫、失注を考慮した調達計画を立案(LP_proc_19)
Procure_RefProdPlan&SafetyStockW/OBacklog,失注考慮調達計画(生産計画依存),CC003,AC006,,,生産計画および安全在庫、失注を考慮した調達計画を立案(LP_proc_19)
Procure_RefSupplyPlan&SafetyStockW/OBacklog,失注考慮調達計画(供給計画依存),CC004,AC006,,,供給計画および安全在庫、失注を考慮した調達計画を立案(LP_proc_19)
Procure_RefSalesPlan&SafetyStock(Series)W/OBacklog,失注考慮調達計画(販売計画&安全在庫依存(時系列考慮)),CC002,AC006,,,販売計画および時系列安全在庫、失注を考慮した調達計画を立案(LP_proc_20)
Procure_RefProdPlan&SafetyStock(Series)W/OBacklog,失注考慮調達計画(生産計画&安全在庫依存(時系列考慮)),CC003,AC006,,,販売計画および時系列安全在庫、失注を考慮した調達計画を立案(LP_proc_20)
Procure_RefSupplyPlan&SafetyStock(Series)W/OBacklog,失注考慮調達計画(供給計画&安全在庫依存(時系列考慮)),CC004,AC006,,,販売計画および時系列安全在庫、失注を考慮した調達計画を立案(LP_proc_20)
Procure_RefSalesPlan&SafetyStock(Series)&ConstraintsWithAllocRate(TimeUnit&BizTime),販売計画&安全在庫依存(時系列&配分率&時分単位考慮『まで』処理(定時内輸送優先)),CC002,AC006,,,販売計画、時系列安全在庫、配分率を考慮した調達計画を立案(時分単位考慮『まで』処理(定時内輸送優先))(LP_proc_21)
Procure_RefProdPlan&SafetyStock(Series)&ConstraintsWithAllocRate(TimeUnit&BizTime),生産計画&安全在庫依存(時系列&配分率&時分単位考慮『まで』処理(定時内輸送優先)),CC003,AC006,,,生産計画、時系列安全在庫、配分率を考慮した調達計画を立案(時分単位考慮『まで』処理(定時内輸送優先))(LP_proc_21)
Procure_RefSupplyPlan&SafetyStock(Series)&ConstraintsWithAllocRate(TimeUnit&BizTime),供給計画&安全在庫依存(時系列&配分率&時分単位考慮『まで』処理(定時内輸送優先)),CC004,AC006,,,供給計画、時系列安全在庫、配分率を考慮した調達計画を立案(時分単位考慮『まで』処理(定時内輸送優先))(LP_proc_21)
Procure_RefInspectionPlan&SafetyStock(Series)&ConstraintsWithAllocRate(TimeUnit&BizTime),加工/検査計画&安全在庫依存(時系列&配分率&時分単位考慮『まで』処理(定時内輸送優先)),CC009,AC006,,,加工/検査計画、時系列安全在庫、配分率を考慮した調達計画を立案(時分単位考慮『まで』処理(定時内輸送優先))(LP_proc_21)
Procure_RefSalesPlan&SafetyStock(Series)&ConstraintsWithAllocRate(TimeUnit),販売計画&安全在庫依存(時系列&配分率&時分単位考慮『から』処理(定時後輸送優先)),CC002,AC006,,,販売計画、時系列安全在庫、配分率を考慮した調達計画を立案(時分単位考慮『から』処理(定時後輸送優先))(LP_proc_22)
Procure_RefSupplyPlan&SafetyStock(Series)&ConstraintsWithAllocRate(TimeUnit),生産計画&安全在庫依存(時系列&配分率&時分単位考慮『から』処理(定時後輸送優先)),CC003,AC006,,,生産計画、時系列安全在庫、配分率を考慮した調達計画を立案(時分単位考慮『から』処理(定時後輸送優先))(LP_proc_22)
Procure_RefProdPlan&SafetyStock(Series)&ConstraintsWithAllocRate(TimeUnit),供給計画&安全在庫依存(時系列&配分率&時分単位考慮『から』処理(定時後輸送優先)),CC004,AC006,,,供給計画、時系列安全在庫、配分率を考慮した調達計画を立案(時分単位考慮『から』処理(定時後輸送優先))(LP_proc_22)
Procure_RefInspectionPlan&SafetyStock(Series)&ConstraintsWithAllocRate(TimeUnit),加工/検査計画&安全在庫依存(時系列&配分率&時分単位考慮『から』処理(定時後輸送優先)),CC009,AC006,,,加工/検査計画、時系列安全在庫、配分率を考慮した調達計画を立案(時分単位考慮)(LP_proc_22)
Procure_UtilizeExtApp,調達計画:外部アプリ連携,CC002,AC006,,,外部アプリ結果参照調達計画作成(LO_ExtApp)
Procure_UtilizeExtApp,調達計画:外部アプリ連携,CC003,AC006,,,外部アプリ結果参照調達計画作成(LO_ExtApp)
Procure_UtilizeExtApp,調達計画:外部アプリ連携,CC004,AC006,,,外部アプリ結果参照調達計画作成(LO_ExtApp)
Procure_UtilizeExtApp,調達計画:外部アプリ連携,CC009,AC006,,,外部アプリ結果参照調達計画作成(LO_ExtApp)
Procure_RefSalesPlan&SafetyStock(Series)&DemandPriorityWithAllocRate,販売計画依存(時系列安全在庫&調達先/配分率&需要優先度考慮),CC002,AC006,,,販社調達計画ロジック:販売計画依存(時系列安全在庫&調達先/配分率&需要優先度考慮)
Procure_RefSupplyPlan&SafetyStock(Series)&DemandPriorityWithAllocRate,供給計画依存(時系列安全在庫&調達先/配分率&需要優先度考慮),CC004,AC006,,,倉庫調達計画ロジック:供給計画依存(時系列安全在庫&調達先/配分率&需要優先度考慮)
Procure_RefSalesPlan&SafetyStock(Series)&PreProcurement,販売計画依存(時系列安全在庫&調達先&前倒し調達&優先度考慮),CC002,AC006,,,販社調達計画ロジック:販売計画依存(時系列安全在庫&調達先&前倒し調達&調達優先度考慮)
Procure_RefProdPlan&SafetyStock(Series)&PreProcurement,生産計画依存(時系列安全在庫&調達先&前倒し調達&調達優先度考慮),CC003,AC006,,,工場調達計画ロジック:生産計画依存(時系列安全在庫&調達先&前倒し調達&調達優先度考慮)
Procure_RefSupplyPlan&SafetyStock(Series)&PreProcurement,供給計画依存(時系列安全在庫&調達先&前倒し調達&調達優先度考慮),CC004,AC006,,,倉庫調達計画ロジック:供給計画依存(時系列安全在庫&調達先&前倒し調達&調達優先度考慮)
LE_purchase_01,実需依存,CC001,AC007,,,実需どおりの注文を発行(オリジナル名称)
LE_purchase_02,調達計画依存(配分率考慮&注文先決定),CC002,AC007,,,調達計画を参照し、配分率を考慮して注文発行(オリジナル名称)
LE_purchase_02,調達計画依存(配分率考慮&注文先決定),CC003,AC007,,,調達計画を参照し、配分率を考慮して注文発行(オリジナル名称)
LE_purchase_02,調達計画依存(配分率考慮&注文先決定),CC004,AC007,,,調達計画を参照し、配分率を考慮して注文発行(オリジナル名称)
LE_purchase_02,調達計画依存(配分率考慮&注文先決定),CC009,AC007,,,調達計画を参照し、配分率を考慮して注文発行(オリジナル名称)
LE_purchase_03,かんばん方式,CC002,AC007,,,かんばん数量を参照し、注文発行(オリジナル名称)
LE_purchase_03,かんばん方式,CC003,AC007,,,かんばん数量を参照し、注文発行(オリジナル名称)
LE_purchase_03,かんばん方式,CC004,AC007,,,かんばん数量を参照し、注文発行(オリジナル名称)
LE_purchase_04,融通注文発行,CC002,AC007,,,在庫融通用の注文発行(オリジナル名称)
LE_purchase_04,融通注文発行,CC003,AC007,,,在庫融通用の注文発行(オリジナル名称)
LE_purchase_04,融通注文発行,CC004,AC007,,,在庫融通用の注文発行(オリジナル名称)
LE_purchase_05,コンテナ積載考慮&調達計画依存,CC002,AC007,,,調達計画を参照し、コンテナ使用コストが最小となるように注文発行(注文側コンテナまとめ)(オリジナル名称)
LE_purchase_05,コンテナ積載考慮&調達計画依存,CC003,AC007,,,調達計画を参照し、コンテナ使用コストが最小となるように注文発行(注文側コンテナまとめ)(オリジナル名称)
LE_purchase_05,コンテナ積載考慮&調達計画依存,CC004,AC007,,,調達計画を参照し、コンテナ使用コストが最小となるように注文発行(注文側コンテナまとめ)(オリジナル名称)
LE_purchase_06,注文取消し&注残融通注文発行,CC001,AC007,,,注残融通に指定された注文を削除し、新たな注文先に再発行(オリジナル名称)
LE_purchase_06,注文取消し&注残融通注文発行,CC002,AC007,,,注残融通に指定された注文を削除し、新たな注文先に再発行(オリジナル名称)
LE_purchase_06,注文取消し&注残融通注文発行,CC003,AC007,,,注残融通に指定された注文を削除し、新たな注文先に再発行(オリジナル名称)
LE_purchase_06,注文取消し&注残融通注文発行,CC004,AC007,,,注残融通に指定された注文を削除し、新たな注文先に再発行(オリジナル名称)
LE_purchase_07,まとめ注文発行(配分率考慮&注文先決定),CC002,AC007,,,エージェントの次回起動日までの調達計画総量をまとめ、配分率を考慮して注文発行(オリジナル名称)
LE_purchase_07,まとめ注文発行(配分率考慮&注文先決定),CC003,AC007,,,エージェントの次回起動日までの調達計画総量をまとめ、配分率を考慮して注文発行(オリジナル名称)
LE_purchase_07,まとめ注文発行(配分率考慮&注文先決定),CC004,AC007,,,エージェントの次回起動日までの調達計画総量をまとめ、配分率を考慮して注文発行(オリジナル名称)
LE_purchase_08,調達計画依存,CC002,AC007,,,調達計画通りに注文発行(オリジナル名称)
LE_purchase_08,調達計画依存,CC003,AC007,,,調達計画通りに注文発行(オリジナル名称)
LE_purchase_08,調達計画依存,CC004,AC007,,,調達計画通りに注文発行(オリジナル名称)
LE_purchase_08,調達計画依存,CC009,AC007,,,調達計画通りに注文発行(オリジナル名称)
LE_purchase_09,実需依存(時分単位考慮),CC001,AC007,,,実需どおりの注文を発行(時分単位考慮)(オリジナル名称)
LE_purchase_09,調達計画依存(時分単位考慮),CC002,AC007,,,調達計画通りに注文発行(時分単位考慮)(オリジナル名称)
LE_purchase_09,調達計画依存(時分単位考慮),CC003,AC007,,,調達計画通りに注文発行(時分単位考慮)(オリジナル名称)
LE_purchase_09,調達計画依存(時分単位考慮),CC004,AC007,,,調達計画通りに注文発行(時分単位考慮)(オリジナル名称)
LE_purchase_09,調達計画依存(時分単位考慮),CC009,AC007,,,調達計画通りに注文発行(時分単位考慮)(オリジナル名称)
LO_ExtApp,注文発行:外部アプリ連携,CC002,AC007,,,外部アプリ結果参照注文発行(オリジナル名称)
LO_ExtApp,注文発行:外部アプリ連携,CC003,AC007,,,外部アプリ結果参照注文発行(オリジナル名称)
LO_ExtApp,注文発行:外部アプリ連携,CC004,AC007,,,外部アプリ結果参照注文発行(オリジナル名称)
PO_RefActualDemandOnMarket,実需依存,CC001,AC007,,,実需どおりの注文を発行(LE_purchase_01)
PO_RefProcPlanWithAllocRate,調達計画依存(配分率考慮&注文先決定),CC002,AC007,,,調達計画を参照し、配分率を考慮して注文発行(LE_purchase_02)
PO_RefProcPlanWithAllocRate,調達計画依存(配分率考慮&注文先決定),CC003,AC007,,,調達計画を参照し、配分率を考慮して注文発行(LE_purchase_02)
PO_RefProcPlanWithAllocRate,調達計画依存(配分率考慮&注文先決定),CC004,AC007,,,調達計画を参照し、配分率を考慮して注文発行(LE_purchase_02)
PO_RefProcPlanWithAllocRate,調達計画依存(配分率考慮&注文先決定),CC009,AC007,,,調達計画を参照し、配分率を考慮して注文発行(LE_purchase_02)
PO_RefKanbanQty,かんばん方式,CC002,AC007,,,かんばん数量を参照し、注文発行(LE_purchase_03)
PO_RefKanbanQty,かんばん方式,CC003,AC007,,,かんばん数量を参照し、注文発行(LE_purchase_03)
PO_RefKanbanQty,かんばん方式,CC004,AC007,,,かんばん数量を参照し、注文発行(LE_purchase_03)
PO_ForInvSharing,融通注文発行,CC002,AC007,,,在庫融通用の注文発行(LE_purchase_04)
PO_ForInvSharing,融通注文発行,CC003,AC007,,,在庫融通用の注文発行(LE_purchase_04)
PO_ForInvSharing,融通注文発行,CC004,AC007,,,在庫融通用の注文発行(LE_purchase_04)
PO_ForInvSharing,融通注文発行,CC009,AC007,,,在庫融通用の注文発行(LE_purchase_04)
PO_RefProcPlan&Container,コンテナ積載考慮&調達計画依存,CC002,AC007,,,調達計画を参照し、コンテナ使用コストが最小となるように注文発行(注文側コンテナまとめ)(LE_purchase_05)
PO_RefProcPlan&Container,コンテナ積載考慮&調達計画依存,CC003,AC007,,,調達計画を参照し、コンテナ使用コストが最小となるように注文発行(注文側コンテナまとめ)(LE_purchase_05)
PO_RefProcPlan&Container,コンテナ積載考慮&調達計画依存,CC004,AC007,,,調達計画を参照し、コンテナ使用コストが最小となるように注文発行(注文側コンテナまとめ)(LE_purchase_05)
PO_ForBacklogShare(CancelOrgPO),注文取消し&注残融通注文発行,CC001,AC007,,,注残融通に指定された注文を削除し、新たな注文先に再発行(LE_purchase_06)
PO_ForBacklogShare(CancelOrgPO),注文取消し&注残融通注文発行,CC002,AC007,,,注残融通に指定された注文を削除し、新たな注文先に再発行(LE_purchase_06)
PO_ForBacklogShare(CancelOrgPO),注文取消し&注残融通注文発行,CC003,AC007,,,注残融通に指定された注文を削除し、新たな注文先に再発行(LE_purchase_06)
PO_ForBacklogShare(CancelOrgPO),注文取消し&注残融通注文発行,CC004,AC007,,,注残融通に指定された注文を削除し、新たな注文先に再発行(LE_purchase_06)
PO_SumOfProcPlanByNextPODateWithAllocRate,まとめ注文発行(配分率考慮&注文先決定),CC002,AC007,,,エージェントの次回起動日までの調達計画総量をまとめ、配分率を考慮して注文発行(LE_purchase_07)
PO_SumOfProcPlanByNextPODateWithAllocRate,まとめ注文発行(配分率考慮&注文先決定),CC003,AC007,,,エージェントの次回起動日までの調達計画総量をまとめ、配分率を考慮して注文発行(LE_purchase_07)
PO_SumOfProcPlanByNextPODateWithAllocRate,まとめ注文発行(配分率考慮&注文先決定),CC004,AC007,,,エージェントの次回起動日までの調達計画総量をまとめ、配分率を考慮して注文発行(LE_purchase_07)
PO_RefProcPlan,調達計画依存,CC002,AC007,,,調達計画通りに注文発行(LE_purchase_08)
PO_RefProcPlan,調達計画依存,CC003,AC007,,,調達計画通りに注文発行(LE_purchase_08)
PO_RefProcPlan,調達計画依存,CC004,AC007,,,調達計画通りに注文発行(LE_purchase_08)
PO_RefProcPlan,調達計画依存,CC009,AC007,,,調達計画通りに注文発行(LE_purchase_08)
PO_RefActualDemandOnMarket(TimeUnit),実需依存(時分単位考慮),CC001,AC007,,,実需どおりの注文を発行(時分単位考慮)(LE_purchase_09)
PO_RefProcPlan(TimeUnit),調達計画依存(時分単位考慮),CC002,AC007,,,調達計画通りに注文発行(時分単位考慮)(LE_purchase_09)
PO_RefProcPlan(TimeUnit),調達計画依存(時分単位考慮),CC003,AC007,,,調達計画通りに注文発行(時分単位考慮)(LE_purchase_09)
PO_RefProcPlan(TimeUnit),調達計画依存(時分単位考慮),CC004,AC007,,,調達計画通りに注文発行(時分単位考慮)(LE_purchase_09)
PO_RefProcPlan(TimeUnit),調達計画依存(時分単位考慮),CC009,AC007,,,調達計画通りに注文発行(時分単位考慮)(LE_purchase_09)
PO_RefActualDemandOnMarket&DemandPriority,実需依存_需要優先度考慮注文発行(市場),CC001,AC007,,,市場注文発行ロジック:実需依存＆需要優先度考慮
PO_RefProcPlan&DemandPriority,調達計画依存_需要優先度考慮注文発行(販社),CC002,AC007,,,販社注文発行ロジック:調達計画依存＆需要優先度考慮
PO_RefProcPlan&DemandPriority,調達計画依存_需要優先度考慮注文発行(倉庫),CC004,AC007,,,倉庫注文発行ロジック:調達計画依存＆需要優先度考慮
PO_UtilizeExtApp,注文発行:外部アプリ連携,CC002,AC007,,,外部アプリ結果参照注文発行(LO_ExtApp)
PO_UtilizeExtApp,注文発行:外部アプリ連携,CC003,AC007,,,外部アプリ結果参照注文発行(LO_ExtApp)
PO_UtilizeExtApp,注文発行:外部アプリ連携,CC004,AC007,,,外部アプリ結果参照注文発行(LO_ExtApp)
#LA_productsShare_02,2不足量判定_輸送LT順融通(旧ロジックID),CC008,AC008,,,-
#LA_productsShare_04,4不足量判定_対応可能品目数順融通(旧ロジックID),CC008,AC008,,,-
#LA_productsShare_09,9対応可能品目数順融通(旧ロジックID),CC008,AC008,,,-
#LA_partsShare_09,9対応可能品目数順融通(旧ロジックID),CC008,AC009,,,-
LP_productsInv_01,先行保持日数ベース,CC002,AC010,,,販売計画の先行保持日数分を安全在庫に登録(オリジナル名称)
LP_productsInv_01,先行保持日数ベース,CC003,AC010,,,供給計画の先行保持日数分を安全在庫に登録(オリジナル名称)
LP_productsInv_01,先行保持日数ベース,CC004,AC010,,,供給計画の先行保持日数分を安全在庫に登録(オリジナル名称)
LP_productsInv_01,先行保持日数ベース,CC009,AC010,,,供給計画の先行保持日数分を安全在庫に登録(オリジナル名称)
LP_productsInv_02,安全在庫量ベース,CC002,AC010,,,ユーザー登録の安全在庫量を使用(オリジナル名称)
LP_productsInv_02,安全在庫量ベース,CC003,AC010,,,ユーザー登録の安全在庫量を使用(オリジナル名称)
LP_productsInv_02,安全在庫量ベース,CC004,AC010,,,ユーザー登録の安全在庫量を使用(オリジナル名称)
LP_productsInv_02,安全在庫量ベース,CC009,AC010,,,ユーザー登録の安全在庫量を使用(オリジナル名称)
LP_productsInv_03,安全在庫係数ベース,CC002,AC010,,,在庫理論式に従い、安全在庫に登録(過去実需参照期間分で統計量算出)(オリジナル名称)
LP_productsInv_03,安全在庫係数ベース,CC003,AC010,,,在庫理論式に従い、安全在庫に登録(過去実需参照期間分で統計量算出)(オリジナル名称)
LP_productsInv_03,安全在庫係数ベース,CC004,AC010,,,在庫理論式に従い、安全在庫に登録(過去実需参照期間分で統計量算出)(オリジナル名称)
LP_productsInv_03,安全在庫係数ベース,CC009,AC010,,,在庫理論式に従い、安全在庫に登録(過去実需参照期間分で統計量算出)(オリジナル名称)
LP_productsInv_04,先行保持日数ベース(時系列),CC002,AC010,,,販売計画の先行保持日数分を時系列安全在庫に登録(オリジナル名称)
LP_productsInv_04,先行保持日数ベース(時系列),CC003,AC010,,,生産計画の先行保持日数分を時系列安全在庫に登録(オリジナル名称)
LP_productsInv_04,先行保持日数ベース(時系列),CC004,AC010,,,供給計画の先行保持日数分を時系列安全在庫に登録(オリジナル名称)
LP_productsInv_04,先行保持日数ベース(時系列),CC009,AC010,,,供給計画の先行保持日数分を時系列安全在庫に登録(オリジナル名称)
LP_productsInv_05,安全在庫量ベース(時系列),CC002,AC010,,,ユーザー登録の時系列安全在庫量を使用(オリジナル名称)
LP_productsInv_05,安全在庫量ベース(時系列),CC003,AC010,,,ユーザー登録の時系列安全在庫量を使用(オリジナル名称)
LP_productsInv_05,安全在庫量ベース(時系列),CC004,AC010,,,ユーザー登録の時系列安全在庫量を使用(オリジナル名称)
LP_productsInv_05,安全在庫量ベース(時系列),CC009,AC010,,,ユーザー登録の時系列安全在庫量を使用(オリジナル名称)
LP_productsInv_06,安全在庫係数ベース(時系列),CC002,AC010,,,在庫理論式に従い、時系列安全在庫に登録(過去実需参照期間分で統計量算出)(オリジナル名称)
LP_productsInv_06,安全在庫係数ベース(時系列),CC003,AC010,,,在庫理論式に従い、時系列安全在庫に登録(過去実需参照期間分で統計量算出)(オリジナル名称)
LP_productsInv_06,安全在庫係数ベース(時系列),CC004,AC010,,,在庫理論式に従い、時系列安全在庫に登録(過去実需参照期間分で統計量算出)(オリジナル名称)
LP_productsInv_06,安全在庫係数ベース(時系列),CC009,AC010,,,在庫理論式に従い、時系列安全在庫に登録(過去実需参照期間分で統計量算出)(オリジナル名称)
SafetyStock_RefPrecedingRetantionDays,先行保持日数ベース,CC002,AC010,,,販売計画の先行保持日数分を安全在庫に登録(LP_productsInv_01)
SafetyStock_RefPrecedingRetantionDays,先行保持日数ベース,CC003,AC010,,,供給計画の先行保持日数分を安全在庫に登録(LP_productsInv_01)
SafetyStock_RefPrecedingRetantionDays,先行保持日数ベース,CC004,AC010,,,供給計画の先行保持日数分を安全在庫に登録(LP_productsInv_01)
SafetyStock_RefPrecedingRetantionDays,先行保持日数ベース,CC009,AC010,,,供給計画の先行保持日数分を安全在庫に登録(LP_productsInv_01)
SafetyStock_RefSafetyStockQty,安全在庫量ベース,CC002,AC010,,,ユーザー登録の安全在庫量を使用(LP_productsInv_02)
SafetyStock_RefSafetyStockQty,安全在庫量ベース,CC003,AC010,,,ユーザー登録の安全在庫量を使用(LP_productsInv_02)
SafetyStock_RefSafetyStockQty,安全在庫量ベース,CC004,AC010,,,ユーザー登録の安全在庫量を使用(LP_productsInv_02)
SafetyStock_RefSafetyStockQty,安全在庫量ベース,CC009,AC010,,,ユーザー登録の安全在庫量を使用(LP_productsInv_02)
SafetyStock_RefSafetyStockCoefficient,安全在庫係数ベース,CC002,AC010,,,在庫理論式に従い、安全在庫に登録(過去実需参照期間分で統計量算出)(LP_productsInv_03)
SafetyStock_RefSafetyStockCoefficient,安全在庫係数ベース,CC003,AC010,,,在庫理論式に従い、安全在庫に登録(過去実需参照期間分で統計量算出)(LP_productsInv_03)
SafetyStock_RefSafetyStockCoefficient,安全在庫係数ベース,CC004,AC010,,,在庫理論式に従い、安全在庫に登録(過去実需参照期間分で統計量算出)(LP_productsInv_03)
SafetyStock_RefSafetyStockCoefficient,安全在庫係数ベース,CC009,AC010,,,在庫理論式に従い、安全在庫に登録(過去実需参照期間分で統計量算出)(LP_productsInv_03)
SafetyStock_RefPrecedingRetantionDays(Series),先行保持日数ベース(時系列),CC002,AC010,,,販売計画の先行保持日数分を時系列安全在庫に登録(LP_productsInv_04)
SafetyStock_RefPrecedingRetantionDays(Series),先行保持日数ベース(時系列),CC003,AC010,,,生産計画の先行保持日数分を時系列安全在庫に登録(LP_productsInv_04)
SafetyStock_RefPrecedingRetantionDays(Series),先行保持日数ベース(時系列),CC004,AC010,,,供給計画の先行保持日数分を時系列安全在庫に登録(LP_productsInv_04)
SafetyStock_RefPrecedingRetantionDays(Series),先行保持日数ベース(時系列),CC009,AC010,,,供給計画の先行保持日数分を時系列安全在庫に登録(LP_productsInv_04)
SafetyStock_RefSafetyStockQty(Series),安全在庫量ベース(時系列),CC002,AC010,,,ユーザー登録の時系列安全在庫量を使用(LP_productsInv_05)
SafetyStock_RefSafetyStockQty(Series),安全在庫量ベース(時系列),CC003,AC010,,,ユーザー登録の時系列安全在庫量を使用(LP_productsInv_05)
SafetyStock_RefSafetyStockQty(Series),安全在庫量ベース(時系列),CC004,AC010,,,ユーザー登録の時系列安全在庫量を使用(LP_productsInv_05)
SafetyStock_RefSafetyStockQty(Series),安全在庫量ベース(時系列),CC009,AC010,,,ユーザー登録の時系列安全在庫量を使用(LP_productsInv_05)
SafetyStock_RefSafetyStockCoefficient(Series),安全在庫係数ベース(時系列),CC002,AC010,,,在庫理論式に従い、時系列安全在庫に登録(過去実需参照期間分で統計量算出)(LP_productsInv_06)
SafetyStock_RefSafetyStockCoefficient(Series),安全在庫係数ベース(時系列),CC003,AC010,,,在庫理論式に従い、時系列安全在庫に登録(過去実需参照期間分で統計量算出)(LP_productsInv_06)
SafetyStock_RefSafetyStockCoefficient(Series),安全在庫係数ベース(時系列),CC004,AC010,,,在庫理論式に従い、時系列安全在庫に登録(過去実需参照期間分で統計量算出)(LP_productsInv_06)
SafetyStock_RefSafetyStockCoefficient(Series),安全在庫係数ベース(時系列),CC009,AC010,,,在庫理論式に従い、時系列安全在庫に登録(過去実需参照期間分で統計量算出)(LP_productsInv_06)
SafetyStcok_RefSafetyStockCoefficient&DemandForecast,安全在庫_理論式ベース販売計画参照,CC002,AC010,,,在庫理論式に従い、安全在庫に登録(販売計画参照)
SafetyStcok_RefSafetyStockCoefficient&DemandForecast,安全在庫_理論式ベース販売計画参照,CC003,AC010,,,在庫理論式に従い、安全在庫に登録(販売計画参照)
SafetyStcok_RefSafetyStockCoefficient&DemandForecast,安全在庫_理論式ベース販売計画参照,CC004,AC010,,,在庫理論式に従い、安全在庫に登録(販売計画参照)
LP_partsInv_01,先行保持日数ベース,CC003,AC011,,,生産計画の先行保持日数分を安全在庫に登録(オリジナル名称)
LP_partsInv_02,安全在庫量ベース,CC003,AC011,,,ユーザー登録の安全在庫量を使用(オリジナル名称)
LP_partsInv_03,安全在庫係数ベース,CC003,AC011,,,在庫理論式に従い、安全在庫に登録(過去実需参照期間分で統計量算出)(オリジナル名称)
LP_partsInv_04,先行保持日数ベース(時系列),CC003,AC011,,,生産計画の先行保持日数分を時系列安全在庫に登録(オリジナル名称)
LP_partsInv_05,安全在庫量ベース(時系列),CC003,AC011,,,ユーザー登録の時系列安全在庫量を使用(オリジナル名称)
LP_partsInv_06,安全在庫係数ベース(時系列),CC003,AC011,,,在庫理論式に従い、時系列安全在庫に登録(過去実需参照期間分で統計量算出)(オリジナル名称)
PartsSafetyStock_RefProdPlan&PrecedingRetentionDays,先行保持日数ベース,CC003,AC011,,,生産計画の先行保持日数分を安全在庫に登録(LP_partsInv_01)
PartsSafetyStock_RefSafetyStockQty,安全在庫量ベース,CC003,AC011,,,ユーザー登録の安全在庫量を使用(LP_partsInv_02)
PartsSafetyStock_RefSafetyStockCoefficient,安全在庫係数ベース,CC003,AC011,,,在庫理論式に従い、安全在庫に登録(過去実需参照期間分で統計量算出)(LP_partsInv_03)
PartsSafetyStock_RefProdPlan&PrecedingRetentionDays(Series),先行保持日数ベース(時系列),CC003,AC011,,,生産計画の先行保持日数分を時系列安全在庫に登録(LP_partsInv_04)
PartsSafetyStock_RefSafetyStockQty(Series),安全在庫量ベース(時系列),CC003,AC011,,,ユーザー登録の時系列安全在庫量を使用(LP_partsInv_05)
PartsSafetyStock_RefSafetyStockCoefficient(Series),安全在庫係数ベース(時系列),CC003,AC011,,,在庫理論式に従い、時系列安全在庫に登録(過去実需参照期間分で統計量算出)(LP_partsInv_06)
PartsSafetyStcok_RefSafetyStockCoefficient&DemandForecast,安全在庫_理論式ベース販売計画参照,CC003,AC011,,,在庫理論式に従い、安全在庫に登録(販売計画参照)
LM_inventory_01,計画ベース在庫過不足量計算,CC002,AC008,,,リソース状態値計算ロジック:計画ベース在庫過不足量計算(販社)(オリジナル名称)
LM_inventory_01,計画ベース在庫過不足量計算,CC003,AC008,,,リソース状態値計算ロジック:計画ベース在庫過不足量計算(工場)(オリジナル名称)
LM_inventory_01,計画ベース在庫過不足量計算,CC004,AC008,,,リソース状態値計算ロジック:計画ベース在庫過不足量計算(倉庫)(オリジナル名称)
LM_inventory_02,基準ベース在庫過不足量計算,CC002,AC008,,,リソース状態値計算ロジック:基準ベース在庫過不足量計算(販社)(オリジナル名称)
LM_inventory_02,基準ベース在庫過不足量計算,CC003,AC008,,,リソース状態値計算ロジック:基準ベース在庫過不足量計算(工場)(オリジナル名称)
LM_inventory_02,基準ベース在庫過不足量計算,CC004,AC008,,,リソース状態値計算ロジック:基準ベース在庫過不足量計算(倉庫)(オリジナル名称)
LM_backlog_01,注残ベース代理出庫量要求量計算,CC002,AC008,,,リソース状態値計算ロジック:注残ベース代理出庫量要求量計算(販社)(オリジナル名称)
LM_backlog_01,注残ベース代理出庫量要求量計算,CC003,AC008,,,リソース状態値計算ロジック:注残ベース代理出庫量要求量計算(工場)(オリジナル名称)
LM_backlog_01,注残ベース代理出庫量要求量計算,CC004,AC008,,,リソース状態値計算ロジック:注残ベース代理出庫量要求量計算(倉庫)(オリジナル名称)
Resource_PlanBasedInvExcess&Shortage,計画ベース在庫過不足量計算,CC002,AC008,,,リソース状態値計算ロジック:計画ベース在庫過不足量計算(販社)(LM_inventory_01)
Resource_PlanBasedInvExcess&Shortage,計画ベース在庫過不足量計算,CC003,AC008,,,リソース状態値計算ロジック:計画ベース在庫過不足量計算(工場)(LM_inventory_01)
Resource_PlanBasedInvExcess&Shortage,計画ベース在庫過不足量計算,CC004,AC008,,,リソース状態値計算ロジック:計画ベース在庫過不足量計算(倉庫)(LM_inventory_01)
Resource_PlanBasedInvExcess&Shortage,計画ベース検査済在庫過不足量計算,CC009,AC008,,,リソース状態値計算ロジック:計画ベース検査済在庫過不足量計算(加工/検査工場)
Resource_PlanBasedInvExcess&Shortage(parts),計画ベース部品在庫過不足量計算,CC003,AC008,,,リソース状態値計算ロジック:計画ベース部品在庫過不足量計算(工場)
Resource_PlanBasedInvExcess&Shortage(Uninspected),計画ベース未検査在庫過不足量計算,CC009,AC008,,,リソース状態値計算ロジック:計画ベース未検査在庫過不足量計算(加工/検査工場)
Resource_SafetyStockBasedInvExcess&Shortage,基準ベース在庫過不足量計算,CC002,AC008,,,リソース状態値計算ロジック:基準ベース在庫過不足量計算(販社)(LM_inventory_02)
Resource_SafetyStockBasedInvExcess&Shortage,基準ベース在庫過不足量計算,CC003,AC008,,,リソース状態値計算ロジック:基準ベース在庫過不足量計算(工場)(LM_inventory_02)
Resource_SafetyStockBasedInvExcess&Shortage,基準ベース在庫過不足量計算,CC004,AC008,,,リソース状態値計算ロジック:基準ベース在庫過不足量計算(倉庫)(LM_inventory_02)
Resource_BacklogBasedUrgentAltShipQty,注残ベース代理出庫量要求量計算,CC002,AC008,,,リソース状態値計算ロジック:注残ベース代理出庫量要求量計算(販社)(LM_backlog_01)
Resource_BacklogBasedUrgentAltShipQty,注残ベース代理出庫量要求量計算,CC003,AC008,,,リソース状態値計算ロジック:注残ベース代理出庫量要求量計算(工場)(LM_backlog_01)
Resource_BacklogBasedUrgentAltShipQty,注残ベース代理出庫量要求量計算,CC004,AC008,,,リソース状態値計算ロジック:注残ベース代理出庫量要求量計算(倉庫)(LM_backlog_01)
#InventoryAndBacklogMonitoring,(削除)注残＆有効在庫量計算,CC002,AC008,,,(名称変更)リソース状態値計算ロジック:在庫移送指示用注残＆有効在庫量計算(販社)
#InventoryAndBacklogMonitoring,(削除)注残＆有効在庫量計算,CC003,AC008,,,(名称変更)リソース状態値計算ロジック:在庫移送指示用注残＆有効在庫量計算(工場)
#InventoryAndBacklogMonitoring,(削除)注残＆有効在庫量計算,CC004,AC008,,,(名称変更)リソース状態値計算ロジック:在庫移送指示用注残＆有効在庫量計算(倉庫)
Resource_InventoryAndBacklogMonitoring,在庫過不足量量計算,CC002,AC008,,,リソース状態値計算ロジック:移送指示用在庫過不足量計算(販社)
# Resource_InventoryAndBacklogMonitoring,在庫過不足量計算,CC003,AC008,,,(未実装)リソース状態値計算ロジック:在庫移送指示用注残＆有効在庫量計算(工場)
Resource_InventoryAndBacklogMonitoring,在庫過不足量計算,CC004,AC008,,,リソース状態値計算ロジック:在庫移送指示用注残＆有効在庫量計算(倉庫)
Resource_PlanBasedSafetyStockExcess&Shortage,計画ベース安全在庫過不足量計算,CC002,AC008,,,リソース状態値計算ロジック:移送指示用計画ベース安全在庫過不足量計算(販社)
Resource_PlanBasedSafetyStockExcess&Shortage,計画ベース安全在庫過不足量計算,CC003,AC008,,,リソース状態値計算ロジック:在庫移送指示用計画ベース安全在庫過不足量計算(工場)
Resource_PlanBasedSafetyStockExcess&Shortage,計画ベース安全在庫過不足量計算,CC004,AC008,,,リソース状態値計算ロジック:在庫移送指示用計画ベース安全在庫過不足量計算(倉庫)
Resource_InventoryAndBacklogMonitoringWithDemandPriority,リソース過不足量_需要優先度別在庫過不足量,CC002,AC008,,,リソース状態値計算ロジック:リソース過不足量_需要優先度別在庫過不足量(販社)
Resource_InventoryAndBacklogMonitoringWithDemandPriority,リソース過不足量_需要優先度別在庫過不足量,CC003,AC008,,,リソース状態値計算ロジック:リソース過不足量_需要優先度別在庫過不足量(工場)
Resource_InventoryAndBacklogMonitoringWithDemandPriority,リソース過不足量_需要優先度別在庫過不足量,CC004,AC008,,,リソース状態値計算ロジック:リソース過不足量_需要優先度別在庫過不足量(倉庫)
#LA_BacklogShare_01,注残融通_LT短い順(誤ロジックID),CC008,AC012,,,-
#LA_BacklogShare_02,注残融通_注残多い順(誤ロジックID),CC008,AC012,,,-
LI_backlogShare_01,注残融通_LT短い順,CC008,AC012,,,融通LTが短い融通元から優先に注残融通(オリジナル名称)
LI_backlogShare_02,注残融通_注残多い順,CC008,AC012,,,注残量が多い融通先を優先に注残融通(オリジナル名称)
LI_backlogShare_03,注残融通_LT短い順&Box考慮,CC008,AC012,,,融通LTが短い融通元から優先に注残融通(Box考慮)(オリジナル名称)
LI_backlogShare_04,注残融通_注残多い順&Box考慮,CC008,AC012,,,注残量が多い融通先を優先に注残融通(Box考慮)(オリジナル名称)
LI_backlogShare_05,注残融通_融通順外部読込み,CC008,AC012,,,注残融通の融通先、融通元の優先順を外部ファイル読込み(オリジナル名称)
LI_stockShare_01,在庫融通_融通順外部読込み,CC008,AC013,,,在庫融通の融通先、融通元の優先順を外部ファイル読込み(オリジナル名称)
LI_stockShare_02,在庫融通_LT短い順,CC008,AC013,,,在庫不足量が多い融通先を優先し、融通LTが短い融通元から順に在庫融通(オリジナル名称)
LI_stockShare_04,在庫融通_融通可能品目数順,CC008,AC013,,,融通可能品目数が多い融通先、融通元から順に在庫融通(オリジナル名称)
LI_stockShare_09,在庫融通_在庫余裕度0.3以下対象_輸送LT順,CC008,AC013,,,在庫余裕度が0.3を割り込んでいる企業を融通先とし、融通LTが短い順に在庫融通(オリジナル名称)
LI_stockShare_06,在庫融通_LT短い順&Box対応,CC008,AC013,,,在庫不足量が多い融通先を優先し、融通LTが短い融通元から順に在庫融通(Box考慮)(オリジナル名称)
LI_stockShare_08,在庫融通_融通可能品目数順&Box対応,CC008,AC013,,,融通可能品目数が多い融通先、融通元から順に在庫融通(Box考慮)(オリジナル名称)
LI_stockShare_11,在庫融通_在庫余裕度0.3以下対象_輸送LT順&Box対応,CC008,AC013,,,在庫余裕度が0.3を割り込んでいる企業を融通先とし、融通LTが短い順に在庫融通(Box対応)(オリジナル名称)
BacklogSharing_LTPriority,注残融通_LT短い順,CC008,AC012,,,融通LTが短い融通元から優先に注残融通(LI_backlogShare_01)
BacklogSharing_BacklogQtyPriority,注残融通_注残多い順,CC008,AC012,,,注残量が多い融通先を優先に注残融通(LI_backlogShare_02)
BacklogSharing_LTPriority&Box,注残融通_LT短い順&Box考慮,CC008,AC012,,,融通LTが短い融通元から優先に注残融通(Box考慮)(LI_backlogShare_03)
BacklogSharing_BacklogQtyPriority&Box,注残融通_注残多い順&Box考慮,CC008,AC012,,,注残量が多い融通先を優先に注残融通(Box考慮)(LI_backlogShare_04)
BacklogSharing_RefExtPriority,注残融通_融通順外部読込み,CC008,AC012,,,注残融通の融通先、融通元の優先順を外部ファイル読込み(LI_backlogShare_05)
InventorySharing_RefExtPriority,在庫融通_融通順外部読込み,CC008,AC013,,,在庫融通の融通先、融通元の優先順を外部ファイル読込み(LI_backlogShare_01)
InventorySharing_LTPriority,在庫融通_LT短い順,CC008,AC013,,,在庫不足量が多い融通先を優先し、融通LTが短い融通元から順に在庫融通(LI_backlogShare_02)
InventorySharing_#OfShairngItemPriority,在庫融通_融通可能品目数順,CC008,AC013,,,融通可能品目数が多い融通先、融通元から順に在庫融通(LI_backlogShare_04)
InventorySharing_ShortageRatio0.3&LTPriority,在庫融通_在庫余裕度0.3以下対象_輸送LT順,CC008,AC013,,,在庫余裕度が0.3を割り込んでいる企業を融通先とし、融通LTが短い順に在庫融通(LI_backlogShare_09)
InventorySharing_LTPriority&Box,在庫融通_LT短い順&Box対応,CC008,AC013,,,在庫不足量が多い融通先を優先し、融通LTが短い融通元から順に在庫融通(Box考慮)(LI_backlogShare_06)
InventorySharing_#OfShairngItemPriority&Box,在庫融通_融通可能品目数順&Box対応,CC008,AC013,,,融通可能品目数が多い融通先、融通元から順に在庫融通(Box考慮)(LI_backlogShare_08)
InventorySharing_ShortageRatio0.3&LTPriority&Box,在庫融通_在庫余裕度0.3以下対象_輸送LT順&Box対応,CC008,AC013,,,在庫余裕度が0.3を割り込んでいる企業を融通先とし、融通LTが短い順に在庫融通(Box対応)(LI_backlogShare_11)
# RuleBasedInventoryAssignment,(削除)ルールベース移送指示最適化,CC008,AC009,,,(削除)移送指示最適化ロジック:ルールベース移送指示最適化
InventoryAssignment_LTLong-to-Short,LT長順移送指示最適化,CC008,AC009,,,移送指示最適化ロジック:LT長順移送指示最適化
InventoryAssignment_DemandPriority&ExtFrom-ToPriority,在庫移送指示最適化_需要優先度&引き当て優先度外部ファイル依存,CC008,AC009,,,移送指示最適化ロジック:需要優先度&引き当て優先度外部ファイル依存
LP_process_01,供給計画依存(制約考慮無し&時分単位考慮),CC009,AC014,,,上限を考慮しない加工/検査計画を立案(時分単位考慮)(オリジナル名称)
InspectionPlan_LevelingWithDeliverDate,生産計画ロジック:納期優先&生産ライン振舞,CC009,AC014,,,検査計画ロジック:納期優先
InspectionPlan_RefSupplayPlanW/Oconstraint(TimeUnit),供給計画依存(制約考慮無し&時分単位考慮),CC009,AC014,,,上限を考慮しない加工/検査計画を立案(時分単位考慮)(LP_process_01)
LI_process_01,加工/検査計画依存(時分単位考慮),CC009,AC015,,,加工/検査計画に従い、加工/検査指示(時分単位考慮)(オリジナル名称)
InspectionInstruction_RefInspectionPlan,加工/検査計画依存,CC009,AC015,,,加工/検査計画に従い、加工/検査指示
InspectionInstruction_RefInspectionPlan(TimeUnit),加工/検査計画依存(時分単位考慮),CC009,AC015,,,加工/検査計画に従い、加工/検査指示(時分単位考慮)(LI_process_01)
#外部定義DLL,,,,,,
#UQsharing,外部定義優先順在庫融通,CC008,AC013,AgentBehaviors.dll,boxInvSharingWithAssortShipRatio,在庫融通の融通先、融通元の優先順を外部ファイル読込み
#LI_ship_ARAndFareShareWithAllBlog,アソートレート&フェアシェア&全注残同時考慮,CC004,AC003,AgentBehaviors.dll,boxInvSharingWithAssortShipRatio,
#LI_ship_BestBoxForEachCompany,アソートレート&フェアシェア&全注残同時考慮,CC004,AC003,AgentBehaviors.dll,ShipInstructionWithBestBoxForEachCompany,アソート出庫比率の外部ファイルに従い、Box出庫指示
